samples,x1,x2,x3
0.0,2.030471707975443,0.09600158937595045,0.07504511958064573
0.0,2.0940564716391212,0.004896481134616354,0.0
0.0,2.0127840403167285,0.1683757407656418,0.0
0.0,1.914695607242642,0.28793979748628284,0.07777919354289484
0.0,2.0066030697561215,0.31272412069680333,0.046750934225204564
0.0,1.9140707537116761,0.2368750784082499,0.0
0.0,2.0878450301307274,0.19500740890137472,0.0
0.0,1.931907045559606,0.32225413386740304,0.0
0.0,1.9571672177836892,0.16478664495117706,0.05323091855533488
0.0,2.0365444064364078,0.24127326115959885,0.043082100300788274
0.0,2.214164760087046,0.15935849836153845,0.0
0.0,1.9186227271752123,0.26159794225754956,0.11289722927208917
0.0,1.9886052542345125,0.1159843523037472,0.0
0.0,2.06505927878247,0.27432541712034425,0.0543154268305195
0.0,1.9334490292711306,0.22321613230667198,0.011668580914072822
0.0,2.0218688596729013,0.287142877794819,0.022359554877468227
0.0,2.0678913563071895,0.20675790694888915,0.028911939868998416
0.0,2.063128822583854,0.05428441801443337,0.0
0.0,1.9529627345707206,0.1361122151756658,0.0
0.0,2.1494941311234395,0.11341688843067568,0.09682783545914808
0.0,1.8317130228384195,0.16651149700142254,0.01627530651050056
0.0,2.0586222331359276,0.27112265797928553,0.07933472351999253
0.0,1.9651274927751563,0.1537648207335433,0.08579758812571539
0.0,1.9808695675118384,0.07243136766620781,0.0
0.0,1.9080547713998388,0.2497160744053764,0.014242573607056525
0.0,2.0690485354067767,0.1572747353663466,0.015853969107671423
0.0,2.0625590393967337,0.16906534602797618,0.04567752375574115
0.0,1.9338074058933348,0.16369461534349283,0.0
0.0,1.8804160354410961,0.2486972480785582,0.0
0.0,2.001249411872769,0.2480746658905909,0.04465311760299441
0.0,2.0665385108972787,0.19015145154905766,0.0
0.0,1.9920281789093601,0.03126655660419703,0.0
0.0,1.8677300387645597,0.10027531723985184,0.039977422672343665
0.0,1.9094520944639939,0.16218374459606105,0.12992282977860656
0.0,1.9643736028938574,0.27375155684670865,0.0
0.0,1.979456244213237,0.10499779450894188,0.0
0.0,2.0840308137457395,0.02726795768076512,0.04344236435458573
0.0,2.0237735602332276,0.14058500443032057,0.0
0.0,2.007212950771387,0.14705072909361977,0.023267621135470398
0.0,2.002185214552344,0.3601778891320916,0.0
0.0,1.8976502507378135,0.21792756349563164,0.021999668397176517
0.0,2.1359187575240437,0.2835111245914579,0.03568710591495094
0.0,2.146330289121956,0.08112369456771491,0.0
0.0,1.9073424058594475,0.16101901968442323,0.0
0.0,2.0635150946814402,0.17777773029012267,0.0
0.0,1.8984420918792457,0.23135138474501954,0.08381265678943811
0.0,2.1996730891691785,0.491386246600733,0.04144094332759964
0.0,1.9010461879968137,0.0,0.02677114623438358
0.0,1.9187058904689673,0.15846427398203147,0.0
0.0,1.9859209113583616,0.3065980230787644,0.01570485674453446
0.0,1.984136516296131,0.09643462471741884,0.0
0.0,1.9513692090926669,0.19462174491816797,0.17679299135798832
0.0,2.0130274521472886,0.29827395110230576,0.0
0.0,1.8815056233582976,0.10348832377676281,0.0
0.0,2.2128469732435163,0.11786133207756139,0.0838489203736345
0.0,1.9097072821912973,0.29315730128742445,0.03849509661058632
0.0,1.984336210234191,0.1959237473864566,0.0
0.0,2.044607220148208,0.154501651965922,0.0
0.0,1.8722062425680381,0.21725879177221197,0.1579091256410435
0.0,2.015999161357344,0.18813616738901176,0.02858261396025429
0.0,2.1306001741706826,0.22193825013638566,0.0
0.0,2.110628871005989,0.24287564384616137,0.1535755991995992
0.0,2.0183234437221906,0.07755309682794997,0.0
0.0,2.165092793223125,0.37236657207832974,0.0
0.0,1.9616812678864013,0.34614442922422023,0.0
0.0,1.9105272981044172,0.2643326794689045,0.0
0.0,1.999487813327993,0.18365571014754875,0.03375745487989336
0.0,2.1407481861313715,0.20905849069017457,0.0643938793276858
0.0,1.7949827898968977,0.19512815980698822,0.0
0.0,1.8781186939576373,0.11218476330712493,0.0
0.0,2.0915902542356015,0.06736072822604361,0.003063149259441745
0.0,1.9515830566666421,0.1672326905638039,0.10027578253046042
0.0,2.0538115437003928,0.3337398107442744,0.0
0.0,1.9304057388329297,0.17761411831195006,0.02424967912712216
0.0,2.017657335845371,0.09156119277666336,0.009048978162787422
0.0,2.0228228330138904,0.45174740375339206,0.18768446112816703
0.0,1.914675664944118,0.1712616638450824,0.0
0.0,1.9409292986036513,0.23156050035903405,0.12058536208882337
0.0,1.927091616225639,0.13458535599322036,0.0
0.0,1.9837334079455093,0.0937585588140437,0.0
0.0,1.9123139221832413,0.1905737445747443,0.0
0.0,1.853295475460901,0.4129247112028298,0.0
0.0,1.890321442154536,0.3836913528321314,0.2905067169240407
0.0,1.8828433371174658,0.16317510432119695,0.03415555509405096
0.0,2.1728697644405592,0.10131429215717626,0.0
0.0,2.0777337576061745,0.24347660744666189,0.0
0.0,1.9866177035483958,0.06251041916300182,0.0
0.0,1.9733612509991045,0.2232169889626256,0.0
0.0,2.047153852254514,0.3012715817819829,0.015542932766846604
0.0,2.0351756408399204,0.20531553475778674,8.439309141418043e-06
0.0,1.9278441966457152,0.2316494261673308,0.0
0.0,2.2093168308930595,0.35733549024752426,0.03858465525565008
0.0,1.9236942790305231,0.08875885280165821,0.11911429530888651
0.0,2.026274922514714,0.2480143403391611,0.0
0.0,2.092743848155818,0.2454420338214363,0.0
0.0,1.952847519255005,0.22637172043565196,0.005246679835624363
0.0,1.9707828814196444,0.1896511731934039,0.0
0.0,2.0152562512102468,0.3471491972993157,0.0
0.0,1.9763149735490315,0.2176512421372447,0.02959939896870995
0.0,1.962808541867871,0.024327821752141737,0.03279954837141096
0.0,2.1727350214164183,0.04661385950838623,0.08638280136981884
0.0,1.9671474776877107,0.19386756541711528,0.0
0.0,1.9665543827644123,0.33000445946989587,0.05826552419877071
0.0,2.173231160540994,0.31774118889776937,0.04390866789295762
0.0,2.1743934526167794,0.2438993158738299,0.0827988176797059
0.0,1.970342904646529,0.20665458158592048,0.0
0.0,2.098958393459485,0.08216963768851344,0.07823503424176614
0.0,1.980934894249484,0.317124709346732,0.07508689887312599
0.0,2.18206461576468,0.2730774691138645,0.0
0.0,1.99330468271018,0.08279928074051841,0.0
0.0,2.151122843327672,0.26375338108976965,0.0
0.0,1.8986282633559601,0.20327820928762608,0.0
0.0,1.932885972260342,0.2312009471551244,0.11553120361066962
0.0,2.060876147222444,0.0,0.030436672903025982
0.0,2.0072033573232577,0.24138902853726932,0.16162096816512073
0.0,1.7936761723195258,0.14088965748088944,0.05909063227933547
0.0,1.8418405600546057,0.34759490480535093,0.03683566127006584
0.0,2.0846583985843403,0.14290563384782057,0.08137636899662105
0.0,2.1068471555989037,0.22328780201371684,0.023440089269869596
0.0,2.0270343239281727,0.11366547352606184,0.0
0.0,1.984747746754764,0.23833938643534952,0.09998242469102947
0.0,1.894146391802159,0.18749909696804223,0.14814555476589733
0.0,1.9256411771187436,0.11777499827096798,0.020230619183119358
0.0,2.084438519048532,0.20114260555606595,0.13289605904369892
0.0,2.085679398256653,0.2841820066890062,0.05541165013240933
0.0,2.2327653100346083,0.17948383111339558,0.0
0.0,2.160425436151714,0.15423005690431746,0.010788044434303305
0.0,2.1309550684860525,0.03977404589410746,0.0
0.0,1.8398722062881145,0.12058637099745761,0.04396366060169936
0.0,2.052418784281277,0.2276274179328554,0.0
0.0,1.7689896563367355,0.20543535853903824,0.0
0.0,2.045938577171661,0.270195362622127,0.013824143205868193
0.0,2.0760133085375854,0.22292113741150685,0.05300647056014667
0.0,1.9295326737130118,0.18203885861685415,0.019677609665695726
0.0,2.0820528475417417,0.1606258827775428,0.052116725573211266
0.0,1.9734161208084622,0.18824578326718697,0.0829519042024073
0.0,1.8006939628945844,0.0703527671925239,0.0
0.0,1.7666383880151695,0.13217355598448233,0.07494338997277404
0.0,1.9715115933617424,0.21977900819418522,0.10892174967107926
0.0,2.1327686132267694,0.19308620652738606,0.13535858895693972
0.0,2.009212665843411,0.1162601776172538,0.0
0.0,1.8519463487434984,0.11118661462663476,0.0
0.0,2.08035850193786,0.3720769831165984,0.0
0.0,2.0392827468259918,0.09594560608424657,0.0474697088463202
0.0,1.9868913349312274,0.016909417415246958,0.09282969915684844
0.0,1.9394999287191268,0.14660997616264454,0.0
0.0,1.9345716723312445,0.24278904406949173,0.0
0.0,2.032866200228248,0.2361921853928844,0.1320661655528167
0.0,1.965721384913562,0.05231421831542682,0.1067222416571983
0.0,1.9668511827902746,0.3114592444577377,0.03833771131824704
0.0,1.9868862469796655,0.23487758940462952,0.19510125601262995
0.0,2.2076980529053754,0.20693811351327787,0.01601905933170753
0.0,2.1076240157466386,0.11543389672326529,0.03330703726182551
0.0,1.9974137152046143,0.23139082114575538,0.0
0.0,1.841043250669103,0.0,0.0
0.0,1.9541324715060666,0.17068084133512382,0.1937231162429517
0.0,2.1105993369907297,0.10379088836583727,0.034770845245095695
0.0,1.9592921763649676,0.1715636161959905,0.018532564941538203
0.0,2.0619171116975394,0.16607415161159847,0.10638515327343585
0.0,1.8858061773857595,0.20063390623622684,0.2597673726595832
0.0,2.0223079742625276,0.34332145066061726,0.009152017817320819
0.0,2.05807770953298,0.19432168056073085,0.0
0.0,1.922051760327458,0.24303013589575534,0.0
0.0,2.066558523631343,0.308528700444591,0.03665314072372299
0.0,1.9713751266444308,0.24539655793086962,0.0
0.0,2.093554712546515,0.016859391578487648,0.0
0.0,1.8009188004876002,0.05049391697727951,0.13638622298139094
0.0,2.0895184981971684,0.12805197667152096,0.0
0.0,1.7035471162158349,0.14565044920673656,0.24204150122474025
0.0,2.043488427146365,0.14404277139505106,0.04650802095003063
0.0,1.8439041647005556,0.17026766373023647,0.009947747301573849
0.0,1.9913899348178952,0.2790806121690081,0.03446452262360524
0.0,2.0668326018107996,0.13116277177692406,0.08978154084105482
0.0,2.162893694762399,0.10298504803485875,0.0
0.0,2.133578433632023,0.18086560133049398,0.1403821392066557
0.0,1.9557464288107815,0.3455045576270711,0.013148581680545219
0.0,2.0258228823322697,0.3564718021669905,0.0
0.0,1.9058877904075042,0.15514357919716457,0.04523339506431387
0.0,1.8434240927819485,0.26374709026511217,0.0
0.0,2.1147812660733565,0.0,0.0
0.0,1.8313531848765898,0.11737705336360475,0.024766590110894313
0.0,1.9820773374550245,0.1746622431051985,0.0
0.0,2.0203388240619944,0.09914639580568924,0.07068496408990509
0.0,2.0662665970385485,0.23850379376561012,0.05565334427512632
0.0,2.029641800080866,0.40350733027310676,0.0
0.0,1.9692916781665424,0.12464724196426222,0.0
0.0,1.8755528212398924,0.11112026867690816,0.0
0.0,2.0334295128497715,0.2051142058552162,0.0
0.0,2.0900184564019963,0.27394126723009476,0.0
0.0,1.9347083855335288,0.25484279208298,0.018797358748610448
0.0,1.8551872740584952,0.19320197440155953,0.026203581207438105
0.0,1.9100305213512245,0.2189843392837443,0.0
0.0,2.133618610001217,0.3247949985059432,0.0
0.0,2.0363454337839073,0.0,0.0
0.0,1.970622107984787,0.09278669785731408,0.07143964826306588
0.0,2.199729653074799,0.08233852805706982,0.0
0.0,2.023544836830993,0.3611116148499621,0.0
0.0,2.0249036122306943,0.3821298850813109,0.0
0.0,1.8718930793154167,0.1576393393539162,0.0
0.0,2.0812601287753645,0.22416597198208382,0.0
0.0,0.05154104029008109,0.0,2.1274447216941237
0.0,0.0,0.0,2.054113161080453
0.0,0.07629264823369367,0.04480993639362036,1.8314402682615192
0.0,0.053803443992825106,0.0,2.0235276111588263
0.0,0.0,0.04463221475430637,1.9193401095692628
0.0,0.0,0.07138201364823996,2.024164452167675
0.0,0.0,0.14511788490210642,1.9559347578430257
0.0,0.0032107673970934664,0.026891344767860093,1.9380334065871387
0.0,0.04711362933999294,0.0,1.958836167778379
0.0,0.13626426398033412,0.0,1.7587219669070508
0.0,0.16109369950118946,0.2549327952607003,1.9594730734550667
0.0,0.0,0.0,1.9713777050159331
0.0,0.0,0.0,2.0579561142476477
0.0,0.05245073752860862,0.0,2.0699196731694887
0.0,0.20526849819458912,0.017196033243705985,1.9662674837931493
0.0,0.0,0.06152567669685613,1.826932839449278
0.0,0.016439070297730226,0.0,2.1847825012956044
0.0,0.0,0.16678876111195198,1.8896259302217993
0.0,0.058725916680279225,0.03194002637912288,1.9130952752135217
0.0,0.017739611463694044,0.12125188368316005,1.96762082957134
0.0,0.0,0.0,1.9097576905207487
0.0,0.0,0.0,1.8294347783984484
0.0,0.0,0.04820668355255253,1.947728130383032
0.0,0.0,0.07848440366081351,2.027236975527424
0.0,0.0,0.0,2.0835807896314336
0.0,0.03493506225604296,0.23826022826840734,2.0420188598724938
0.0,0.03877031412620149,0.0,2.081677586720079
0.0,0.06250852012481538,0.12517250085651951,1.9478677081362714
0.0,0.0,0.0,2.079080172117899
0.0,0.14983744402967322,0.0,1.957522627220691
0.0,0.03140772238697992,0.0,2.095205365313989
0.0,0.0,0.0,1.9217583666038554
0.0,0.0,0.0,1.9084843884154075
0.0,0.0,0.11129658916602636,1.9754939348809297
0.0,0.0,0.0,2.104917362144135
0.0,0.0,0.0,2.0558548959274225
0.0,0.0,0.06474846907094743,1.9986353208204704
0.0,0.0701663648089567,0.0,1.9987915349211733
0.0,0.0,0.0,1.8436522052131312
0.0,0.06857490352746619,0.0,1.897771971835267
0.0,0.0,0.11280188573493027,1.7719262154628077
0.0,0.0,0.0,2.146117886672033
0.0,0.028258698291929653,0.07673172404612269,1.885983908087377
0.0,0.0,0.044781371672271045,2.0058274330935446
0.0,0.05487388188641266,0.0,2.0278143726454627
0.0,0.01581190849051092,0.07777673890849254,2.080700828194447
0.0,0.0,0.0,2.100174539765151
0.0,0.11877250932619365,0.0,1.814016459345437
0.0,0.009903482100720092,0.09308382263505294,2.1797594522434314
0.0,0.0516297572101451,0.0,1.9106869378415137
0.0,0.0011451291670654417,0.0,1.8984932094271183
0.0,0.20487556508632868,0.17851684020721312,2.1136048683555426
0.0,0.0,0.08550193242972788,2.06396264094979
0.0,0.0442545624204053,0.12496652670437772,2.063537114286128
0.0,0.07400142363043355,0.06369062833722101,2.034079140800211
0.0,0.0,0.008362107741055723,1.9443808041150874
0.0,0.0,0.1681816619300824,2.1728995340885704
0.0,0.1359220600295612,0.025521341685587465,2.1350625120952658
0.0,0.0012053180601825544,0.02027972768977794,1.8906528629538017
0.0,0.039699130449884004,0.00603859284244171,1.8697347883165536
0.0,0.0,0.0,2.179756116664464
0.0,0.08942133285134096,0.0011445439091466016,2.024878730980108
0.0,0.004421237810419806,0.0,1.8917572802611713
0.0,0.0,0.0,1.8749684461076854
0.0,0.051122181454753474,0.0391264659933235,1.8213292488631923
0.0,0.0,0.09957013858999236,2.105922373889632
0.0,0.10258368428852388,0.0038913206901459805,1.9154954672030848
0.0,0.0,0.03446049047503575,2.0379280034365164
0.0,0.12873311116050654,0.10999796503420836,1.9867771343468827
0.0,0.0,0.0,2.0217231194810523
0.0,0.0,0.0,2.02528848149699
0.0,0.0,0.0,2.031145283430344
0.0,0.0,0.024410438897835215,2.0273204022852123
0.0,0.0,0.0,2.1437776939916464
0.0,0.0,0.0,1.8138154846757488
0.0,0.0029109946576669206,0.003091727803269891,1.988238914457488
0.0,0.12141898289285016,0.0,2.0395933874430825
0.0,0.15614382018035733,0.0,1.9620193488210105
0.0,0.0,0.0,1.967373799497696
0.0,0.14274852836845048,0.18373866754875204,1.9664060774959853
0.0,0.190506021406447,0.0035576476984624864,2.1753691026701083
0.0,0.0,0.013105782604614431,2.0365474472642835
0.0,0.31788536793675354,0.08512855748447891,1.9292735470048537
0.0,0.0968997870275858,0.0,1.951024981709879
0.0,0.09086013598921112,0.003108558777115279,2.0278575914511805
0.0,0.0013985221865292462,0.03365831266054347,2.0424965897436147
0.0,0.0,0.06665726686095336,1.90179805801697
0.0,0.0,0.0,2.0083981003314455
0.0,0.0,0.08310318576679744,1.8657824833629093
0.0,0.0,0.0,1.995341272966066
0.0,0.02788642846472388,0.0,2.072428267745623
0.0,0.0063002368334699735,0.0,1.804140855960297
0.0,0.0,0.0,1.9896579886425367
0.0,0.0,0.02255598395101807,2.09476496098483
0.0,0.0,0.0,1.8906676142112617
0.0,0.02889166671687069,0.12449473786464456,1.956866056176049
0.0,0.0,0.0,1.9166963277203988
0.0,0.0,0.0,2.003858112298092
0.0,0.0,0.10493396105434072,1.932398269431863
0.0,0.0,0.04788755385204616,1.846435793007388
0.0,0.03896917053200022,0.010255318372626686,1.9852557510081832
0.0,0.15882761071492624,0.0,2.206029817052408
0.0,0.0,0.0,2.0069919580994826
0.0,0.0,0.0,2.039703330001549
0.0,0.05555820886501248,0.0,2.09874051450464
0.0,0.1157507758021134,0.1436301756563291,2.052941340712572
0.0,0.1363428712085699,0.0,1.9682093451371538
0.0,0.0,0.01192258611273921,1.9428550780803262
0.0,0.0,0.18821748802040494,1.9830280203579622
0.0,0.04137923171902139,0.0,2.0075713287956836
0.0,0.000601668043607146,0.04483240659731595,2.1165307535547178
0.0,0.16473939976033294,0.030962008190916684,2.0589546886035603
0.0,0.0,0.0,2.094028946488359
0.0,0.08659686384171533,0.021160973279505023,2.088639395956795
0.0,0.04907667089938189,0.12003062582593216,2.028935915695711
0.0,0.0,0.033584125693302366,1.7069405624147225
0.0,0.03828857363850495,0.0,1.827653659259458
0.0,0.045176860094098416,0.047752933726679526,1.883757121986007
0.0,0.0,0.1370540988614132,1.9515969868427323
0.0,0.2242920312402985,0.0,2.040803617688127
0.0,0.16168743984986078,0.013102711619341956,1.89976560193092
0.0,0.0,0.0,1.8635258347798436
0.0,0.0,0.0,2.0924357757187435
0.0,0.003461187418525562,0.0,1.9893818069377425
0.0,0.022312201840616615,0.06168141996897798,1.900028777133062
0.0,0.0,0.110467921540253,1.958766312779527
0.0,0.0,0.044381270938310464,2.0463369806032685
0.0,0.0,0.02294817154636063,2.0735583092428373
0.0,0.037438645170626304,0.06319814837613953,1.859573090190925
0.0,0.03310401549961956,0.0,1.9517209841275356
0.0,0.08705556094197266,0.147927451067423,2.179437005460036
0.0,0.1314807871505905,0.0,2.0352720163026343
0.0,0.07668228717842437,0.012117794929946198,2.0130764187911545
0.0,0.0823753131876182,0.0,1.927071306362634
0.0,0.0,0.06339103777337424,2.0002993291199958
0.0,0.03402099768683379,0.06700792422021899,1.962515853710239
0.0,0.07562481636298062,0.03788426034583944,1.876518691308852
0.0,0.14423047911862444,0.0,1.8344904656814816
0.0,0.0,0.0,2.005217331865753
0.0,0.0,0.0,2.061970196548248
0.0,0.03398753611927038,0.031604787064428624,2.040982845732869
0.0,0.06161346680022383,0.0,1.963556174773554
0.0,0.0,0.0036059926797795414,1.9995367027775655
0.0,0.10455322747896803,0.11876343927211208,2.020277504825237
0.0,0.0,0.048516111254573786,1.9472082362675687
0.0,0.0,0.09861363169607679,1.9442228654010576
0.0,0.0805678639242501,0.06774013686923024,1.9045208182869178
0.0,0.0973894128217401,0.0698566345371505,2.0101925887372656
0.0,0.0,0.0,1.9462337423096978
0.0,0.05425944632919601,0.0,2.043751224861987
0.0,0.0,0.0,2.010964775457401
0.0,0.2445130145058917,0.0,2.147201456649013
0.0,0.014984241398728004,0.041117191801596314,2.0118347913388206
0.0,0.0444726818195233,0.0,2.145405018145746
0.0,0.0,0.11322345721792478,1.9355632879786977
0.0,0.0,0.0,2.045502372034752
0.0,0.14451259569265337,0.0,1.980311430129609
0.0,0.0,0.0,1.8407205740278472
0.0,0.0,0.022678604610913543,2.1319013197741397
0.0,0.2809210861229503,0.0,2.143530015664544
0.0,0.02437524804016479,0.0,2.043259445172615
0.0,0.006191648367995919,0.011039572561221853,1.9591666837173332
0.0,0.0,0.0,2.0653244883281228
0.0,0.0,0.0,2.000850562672315
0.0,0.07949322529156276,0.01803639430263982,1.9343945063359032
0.0,0.12262929556489498,0.1579185502981632,2.0494556655322853
0.0,0.09736635113440902,0.12419599968138112,2.1130099316404514
0.0,0.06140991771126236,0.059834704707488286,2.05196605733465
0.0,0.0,0.07007231568595858,1.8644186028873446
0.0,0.0,0.13035650678080876,2.0840220162694196
0.0,0.14873982896858626,0.0,1.8847751158723232
0.0,0.0,0.010203129724057422,2.007898871634001
0.0,0.11336804787567017,0.0,2.0352034471802924
0.0,0.0,0.045031727804381305,2.0003108550185638
0.0,0.0,0.0,1.9815824253484777
0.0,0.0,0.17713412422676836,1.990155399769212
0.0,0.0,0.0,1.9105792648020523
0.0,0.0,0.0,2.13817075933778
0.0,0.0,0.12884442493182524,2.006170463405037
0.0,0.0037227836421576638,0.0,2.0003796251621457
0.0,0.17187950030498594,0.0,1.799845425556132
0.0,0.0,0.0014527881937568884,2.0690104424764013
0.0,0.04730871980274752,0.0,2.1019043693241763
0.0,0.1030195403152731,0.018405783127156555,2.096265757248684
0.0,0.027264526343212882,0.0,2.0697816839000005
0.0,0.011061312257867773,0.0001339846754486929,2.1472953572189573
0.0,0.0,0.0,1.881292957362563
0.0,0.0,0.0,1.8492674352226952
0.0,0.0,0.0,2.245742409207589
0.0,0.18017419477471466,0.0,1.96364167096932
0.0,0.0,0.0,1.9883119813591477
0.0,0.0,0.0,1.8399794150956523
0.0,0.0,0.014862709530283087,2.0366209597783937
0.0,0.041747195874201455,0.0,2.0854685730135563
0.0,0.0,0.06328579146073064,1.9989361323381807
0.0,0.0,0.0,2.036536374206377
0.0,0.06129653804745991,0.0,2.1531778890601054
0.0,0.1007510770986559,0.0,2.0750121812136944
0.0,0.1933793485188187,0.1960484600783027,1.8772000119177503
0.0,0.0,0.1484918786733851,1.8941718949162363
10.0,1.1857261453267547,1.2638326682941825,0.12019701487276561
10.0,1.0720814054888366,1.213589028114551,0.09528415501248791
10.0,1.3508875748362363,0.9793602143505814,0.1356345925640552
10.0,1.1946020351578337,1.3825360525853843,0.22606059493020564
10.0,1.2911563718836112,1.2970096913349154,0.12020706110779832
10.0,1.3581698951651033,1.1873242523673933,0.14031517097291046
10.0,0.85060956175889,1.7138981024948716,0.07841384006681229
10.0,1.2801526210218432,1.3149730722196995,0.09302051040767079
10.0,1.134579941832162,1.2621982738482778,0.08654677267879013
10.0,1.4300267560675215,1.0406626807465762,0.13742904815736967
10.0,1.3253590018689818,1.1231768667471196,0.006176595296376444
10.0,1.1839415358301633,1.3318879664324883,0.0
10.0,1.0913531075720775,1.4383676245408334,0.06026645635240454
10.0,1.4577140145950902,1.1783836917618096,0.019461273665340034
10.0,1.1203388285928082,1.4669434040401441,0.026033838424501094
10.0,1.6199079929806275,0.6813351653755186,0.11535247776720671
10.0,0.9028515825035239,1.6890974734190372,0.0041171822763703125
10.0,1.3296118650767743,1.200944909905351,0.08992449817808287
10.0,1.2499409103363308,1.2827187960589763,0.021544447636570842
10.0,1.4791138121231273,0.9699204652601792,0.060066360901990704
10.0,1.196506780337747,1.3377038761503828,0.03466043215148386
10.0,1.2563711613169886,1.3577143887343315,0.061189027199642074
10.0,1.3168274765722912,1.0994124581526925,0.0937704088242969
10.0,1.175103529387538,1.4131464937884741,0.046408240209466975
10.0,1.3683814883349157,1.2129431950399534,0.06861497563914404
10.0,1.5144224429052613,0.9831456929520744,0.20849785911511096
10.0,1.143876807494068,1.16118661846886,0.2253420789500534
10.0,0.9102595790933613,1.544580459446317,0.0
10.0,1.4034866828189037,1.0991480394947355,0.0
10.0,1.2435845041091145,1.1725696327468007,0.18693626171483727
10.0,1.3533591680193926,1.0236246815386745,0.03776633572490529
10.0,1.076681779264323,1.1271001917543586,0.06383290834196494
10.0,1.3887003031341545,1.0015531269558204,0.022639344321957473
10.0,1.4041767135763443,1.044053664678316,0.014647538694061872
10.0,1.5399698643490678,0.9938905028248364,0.11530186823523558
10.0,1.1014821183095713,1.4101398267924927,0.0
10.0,1.1268627054831897,1.3453970260927228,0.0
10.0,1.111027239679282,1.2113333193166373,0.10662144824798994
10.0,1.129633943976934,1.2126122117189828,0.0
10.0,1.3027966536126638,1.4918848030605074,0.0
10.0,1.2467729597757662,1.2083233786366574,0.09566954240589805
10.0,1.0045744174518494,1.3333215386055166,0.1419090720041936
10.0,1.3725200980894756,1.030239212330023,0.2729366890353423
10.0,1.2112652397319486,1.078649820090569,0.0522155306936528
10.0,1.2049825732142325,1.1421879540148505,0.1780232120724417
10.0,0.9894084004383669,1.383818246216981,0.014619356027023267
10.0,1.2460631179269617,1.1901824592434407,0.0
10.0,1.1578205000229167,1.1922958317558505,0.1512060046753318
10.0,1.2582481395080518,1.3781927295857428,0.07250492366117049
10.0,1.013156265029549,1.215977777386586,0.12819807962914812
10.0,1.185428263919188,1.1193480004258314,0.23404975246144197
10.0,1.3699858932845224,1.1291746498887263,0.06949860517423012
10.0,1.6132643023542659,0.9901176818498614,0.02775860800643803
10.0,1.500658738588305,1.1660371884254257,0.02207521645920111
10.0,0.8810546011046373,1.3676982983060257,0.11276934001063085
10.0,1.5065176740056683,1.0632900140204846,0.0825832984548017
10.0,1.193275064732523,1.3787730897117378,0.0766123432261331
10.0,1.0812072421683503,1.3574927267289225,0.04595680363420921
10.0,1.0255431158827462,1.0986783487056595,0.10823593380117066
10.0,1.2810732224913512,1.2242890656409224,0.00778176510329057
10.0,1.0687259022814863,1.3852485636011171,0.008244837440725523
10.0,1.362686562403217,0.9230232901573489,0.297874444095402
10.0,1.5286828646234893,0.8624846994235991,0.03549280512360566
10.0,0.9383249756888281,1.4960647391657271,0.034270746675705004
10.0,1.2086468342955001,1.0372473473194552,0.0973519868444896
10.0,1.4521744172048645,0.9264770798748043,0.21174145253872317
10.0,1.318664791491885,1.1706841531157108,0.2184487022358016
10.0,1.0694892835397793,0.9710307717577218,0.3099924112758924
10.0,1.1803973153606693,1.3549258166762075,0.13080587746202663
10.0,0.954983226647886,1.1607491865738988,0.004990308908720036
10.0,0.8432399550159546,1.6048232055293477,0.010968848390302589
10.0,1.3026948973113703,1.0279081537195316,0.10328154198509085
10.0,1.2782068332597065,1.1591894323436112,0.0105427091316797
10.0,1.061707672756411,1.3143514041445776,0.17825670655097142
10.0,1.2567504073505633,1.3992023188877003,0.0
10.0,1.0663651781364945,1.532553979087394,0.008338138826970043
10.0,1.0524629354556456,1.2881041497070953,0.23926321060543645
10.0,1.5579241602698624,0.7998821987507408,0.13436450901567967
10.0,1.0852572654304966,1.3830246725130892,0.02254647467407171
10.0,1.2820737903667303,1.2660324236259959,0.0001710228160186287
10.0,1.1698687187379395,1.2787932080282876,0.04665138315178941
10.0,1.2266568597446217,1.1818340781001302,0.11673739844744242
10.0,1.3889738694054918,1.0867249514598116,0.07788120950415509
10.0,1.4993157323869222,1.0444556543430878,0.0754700358951995
10.0,1.4722276358755986,1.1503164839177946,0.016917172467162126
10.0,1.3619181663219675,1.211735985006813,0.06002162919499492
10.0,0.9372449618510468,1.5525137361582664,0.21120205471664039
10.0,1.157317846747465,1.4340367058870598,0.0
10.0,1.2879877782486304,1.114176841707973,0.060328566468067606
10.0,1.469670076227183,1.240655077241226,0.0
10.0,1.2211340052230517,1.351315052631348,0.01351581287859399
10.0,0.9925552396366104,1.4705947419829342,0.026232320119068467
10.0,1.1790553693247414,1.1601406420903349,0.028847150283190837
10.0,1.0536989294512853,1.3211526450987991,0.08922783606751818
10.0,1.6432025770781873,0.8725411049412805,0.13692352955113352
10.0,1.2501163996558466,1.2476169111885325,0.11431181686002864
10.0,1.2181688317491297,1.0818634458979748,0.0
10.0,1.469323516045527,0.9781063250098193,0.13141009681138235
10.0,1.2236175902775381,1.4805764055697015,0.13863859333128853
10.0,1.0053389281531189,1.2847805871650222,0.04836225004980428
10.0,1.08597753446953,1.245258159760698,0.03459749602481248
10.0,1.204914460864004,1.3242773833098407,0.0864189574317041
10.0,1.1975759146304437,1.395822549126075,0.016148947358388815
10.0,0.786844519848006,1.3798592001447259,0.06479087325090802
10.0,1.0091984210301905,1.473888999264886,0.0806345271493703
10.0,1.3209497075762404,1.1155175791185854,0.05172489229106523
10.0,1.1467257876392316,1.1814306639828542,0.0
10.0,1.0803028867135958,1.3303401999845106,0.1410513400417972
10.0,1.1913218590577421,1.3398367365651356,0.09309179538138684
10.0,1.3928531841633123,1.1080102964523124,0.0
10.0,1.2367957895560948,1.2262545430245528,0.08018256107021089
10.0,1.09377061117742,1.0231872935116728,0.0
10.0,0.9434235758673648,1.5981495106467594,0.0
10.0,1.3934131998253223,0.9674270727084595,0.01449632100253379
10.0,1.2157176239196306,1.0982233347012047,0.0412353263653644
10.0,1.2470014185809382,1.3009294679620564,0.12557072613236478
10.0,1.3388171629800227,1.2842323021741076,0.08025396156144142
10.0,1.2418202584545264,1.0806213484968246,0.19956426056790286
10.0,1.1975713052891808,1.277324212160497,0.0
10.0,1.1460943834644075,1.421282883239773,0.13483477092626683
10.0,1.2047672849724858,1.1348014763733665,0.038119566813698956
10.0,1.1007054987004012,1.2284239931317404,0.0
10.0,1.0587237674010688,1.1625348283972783,0.013407947777832913
10.0,1.307728002213884,1.0749378609340343,0.07188625574471365
10.0,1.161284506979087,1.1069794018751862,0.0
10.0,1.207619445881096,1.3292591831145135,0.0
10.0,1.0545983686526448,1.4825225263733197,0.06311284884436759
10.0,0.7496679925275032,1.572802273246517,0.04770385635599688
10.0,1.3035849256113832,1.186462137177812,0.03257056706466107
10.0,1.3511690727457715,0.915957524552818,0.025532176745623
10.0,1.2272785579986254,1.1725237331231313,0.20630065419322466
10.0,1.412454597697778,1.0384383033790967,0.06039015987169969
10.0,1.1667554188699822,1.4208094396139297,0.03339235674508514
10.0,1.3495574800337717,0.9695556824932785,0.0
10.0,1.5112510731601723,0.9879596096797909,0.0876217522450502
10.0,1.2922722233510642,1.1398723109103024,0.02530911650725294
10.0,1.2028429544512815,1.230919730909966,0.0
10.0,1.044902482575038,1.3001765575672335,0.0
10.0,0.928683388619048,1.223973758016611,0.06985692127166637
10.0,1.420425201451626,1.0883250828705726,0.1153909487394538
10.0,0.9883415527407936,1.4499747237342295,0.11068981343245911
10.0,1.3532343553272885,1.0810535344527672,0.0
10.0,1.0582279481259684,1.246795047022632,0.0
10.0,1.2984671237483507,1.1799672543751223,0.22953271743229423
10.0,0.9919359370777459,1.2067145776727914,0.14557612116282564
10.0,0.8833169379453845,1.6104539829807871,0.13715814593219192
10.0,1.3497133001149717,1.191569448298812,0.0
10.0,1.2593981716866165,1.0555840504070289,0.16546879617068136
10.0,1.0699578131494925,1.3312434640366084,0.1605100022027447
10.0,0.9732697860765767,1.290917776326332,0.09573396609896274
10.0,0.9048705326874883,1.1690379116531577,0.1346692910316512
10.0,1.0458028723397257,1.2664204063061173,0.037164927270039685
10.0,0.7534931106055176,1.6370380683887247,0.1452660777633902
10.0,1.4040349364410132,1.0895063113526016,0.006625733088102669
10.0,1.1772878223344605,1.2594793180087964,0.06933770769895506
10.0,1.3830450583916498,1.1437769840497656,0.03953485795236353
10.0,1.3456808489492078,0.9845341686046928,0.04920637522536181
10.0,1.135711752295095,1.3580251241033636,0.01904302957570695
10.0,1.3079497387495387,1.2900212946768497,0.0
10.0,1.1884469813568148,1.2260949986362704,0.0
10.0,1.591476336888948,1.0161821387385592,0.13061139348710887
10.0,1.352301188908329,1.215021964647065,0.13009070131624378
10.0,1.3913065198110188,0.8450265081660999,0.19442383074243214
10.0,1.4965136330603954,1.159288929725191,0.11320472240090192
10.0,1.383357503969664,1.094992506141722,0.0
10.0,1.021988807972232,1.2734065324630208,0.12073023014620708
10.0,1.5142924517977778,0.8523328824883085,0.02610318374740587
10.0,1.2387577445167717,1.3503260245704571,0.0
10.0,1.1602254840854376,1.3607189924227083,0.06611915713575867
10.0,1.013131159348959,1.286703940592088,0.015381179037732817
10.0,0.1035138078365203,0.02173262218552065,1.9441388533450306
10.0,0.03373726563917344,0.20409298699068418,2.0766542862745476
10.0,0.10219781644728208,0.1271502160412039,1.9514576870276386
10.0,0.049556947659083486,0.0,2.0197771556464486
10.0,0.027011556887297665,0.06789730269016356,2.0345877811359645
10.0,0.019097157806047586,0.04156483154781585,2.03797243143378
10.0,0.004917063685867258,0.08111452137613151,2.029201280001352
10.0,0.054300987931978045,0.0,2.0535611121251556
10.0,0.1765043392547777,0.09567185375399075,2.042344901369232
10.0,0.13050858425901674,0.03008751988396184,2.101788083683279
10.0,0.07024264428308576,0.03512839602454499,1.9686324592081632
10.0,0.23279515231769268,0.01328286096332456,1.9577224950792635
10.0,0.0,0.04872926620292593,1.943547026678632
10.0,0.12253547008797136,0.0007349226479724203,2.016035297110489
10.0,0.12202611826036443,0.0,2.0885726064607844
10.0,0.10811646066658992,0.1049923204799609,1.8732394919223396
10.0,0.01605667558034127,0.0,2.006818335108165
10.0,0.09459239707445541,0.10973126329499726,1.9911539417546984
10.0,0.0730364760023827,0.07516676625388458,1.9556135397320544
10.0,0.01918094808429912,0.060056461765326835,2.0454106555242375
10.0,0.04369141747076654,0.05076688786434987,2.1010555257333245
10.0,0.07442043888445035,0.08741877198284749,1.9762411550504437
10.0,0.0,0.0694365368371526,2.1587717335797514
10.0,0.09109483299867603,0.06808065943431164,2.0286053007077194
10.0,0.15236448695128668,0.08289491449419346,1.8977898184958923
10.0,0.05567733356328053,0.08873081062546272,2.102972631401348
10.0,0.10980759055567801,0.06721659714111211,2.109399652652392
10.0,0.02555929134987401,0.01257825197401813,2.0377746942296233
10.0,0.1164455085197005,0.06602354702310595,2.0830533885181644
10.0,0.059394178940756104,0.10162924709359895,2.0502380875742547
10.0,0.12629138937253187,0.061591034496678465,1.9238862268226686
10.0,0.02961259060859832,0.10017213051481107,1.9289244263259007
10.0,0.0873549285211851,0.20157979102002554,1.9827275030270592
10.0,0.013664025053596762,0.0070004451121613576,2.0795482030432284
10.0,0.0544922933073504,0.11917912666125205,1.9886869489505117
10.0,0.04330240561669101,0.015260379296997615,2.045300126276616
10.0,0.0,0.19342809630558946,2.059117273909951
10.0,0.04555330155655735,0.11111880144072064,2.0253255067513236
10.0,0.07213014380819441,0.018359891028276176,1.8662189812913335
10.0,0.106824259280756,0.016748960863594665,2.0004831398083067
10.0,0.08887706715029983,0.06143274145886529,1.9874674307662734
10.0,0.0937707584612868,0.09832812228444358,2.126966981884977
10.0,0.03484544647442427,0.07895641180574675,1.9521864141268115
10.0,0.042376832523260466,0.06695861899493943,1.9995443730979017
10.0,0.07586762624040849,0.006464654434505326,2.1272532832562754
10.0,0.08162450461172897,0.008654116074294754,1.9498011134437054
10.0,0.017699041445608615,0.01817224724753493,1.9988039365193888
10.0,0.0791206042767107,0.11366300619257233,1.9153258939736735
10.0,0.07902203681762038,0.06158796698472788,1.9976828189169935
10.0,0.10917386387649872,0.027691991150147904,2.0488371803854064
10.0,0.11023453856012091,0.07953500000545516,2.0224648248235155
10.0,0.014644793628812096,0.1585945883087569,1.875008889848937
10.0,0.06012394388241455,0.016952780207315547,2.118067197628787
10.0,0.041742740631781294,0.1146325065461954,1.9428956822854764
10.0,0.03193627891161494,0.09965227331384136,1.9204825579189648
10.0,0.030926796886527115,0.1244773120907667,2.0130442293554465
10.0,0.08836085895423303,0.07377332192225654,1.9961559099478625
10.0,0.12025014181493843,0.05881436469921002,1.9885688572449383
10.0,0.0038906519829505475,0.07777646388179557,1.9376012873494748
10.0,0.0,0.11932484420507906,2.056619922736349
10.0,0.11170415194742118,0.10725801590769068,2.0894207408847967
10.0,0.07621004036075285,0.10301885866133867,2.061816345156208
10.0,0.13875241125481827,0.027030010619738254,2.020715611387196
10.0,0.07610719113229131,0.027588063138928115,2.029916170027255
10.0,0.0,0.05800724889041919,2.0551623651949016
10.0,0.1696812374566892,0.0025793225634721598,2.101011465372201
10.0,0.07321206883524747,0.13606656012134316,2.036562021228442
10.0,0.01569639400186836,0.07850480454579953,1.9221608845808311
10.0,0.09074174889988523,0.033147745593275386,2.006855398651159
10.0,0.019498066445172282,0.012675178593466157,2.1320322515471064
10.0,0.043774009959359955,0.05978372199153701,1.9025632157589174
10.0,0.04635293377842708,0.06652946022764596,1.8378031377923219
10.0,0.07575064775557977,0.0,2.010764142827863
10.0,0.11095086117676496,0.07133802993281077,2.058574567015699
10.0,0.07205779141312232,0.07624991422493538,1.877889354182734
10.0,0.006473367468228276,0.14513042344038482,1.9228392136313635
10.0,0.15535767673314005,0.0,1.9275608941059317
10.0,0.015244849335900958,0.10273829450744605,2.0155654200168978
10.0,0.05426780539321479,0.07316588313806628,1.973926457447935
10.0,0.03544764653006871,0.06730011159765106,2.1116418503019467
10.0,0.05358437418448668,0.12979142705033583,1.8467249708437499
10.0,0.0243217473232884,0.01985152435798706,2.060879002869053
10.0,0.0994774062619168,0.07062771136009798,1.9510424681361587
10.0,0.08097007998117929,0.11403289081920105,1.8923535749660256
10.0,0.12483173126259882,0.03180720648654557,1.9368129715492264
10.0,0.00953402514448334,0.06489197808818407,2.0371009844726147
10.0,0.050566839158982274,0.0,2.0355848476856035
10.0,0.02780454163247637,0.12099818642910999,2.0965583143812565
10.0,0.0224227494942653,0.03425926802243814,1.9820829557783373
10.0,0.09814746282380658,0.0644135829928915,1.8709046993815188
10.0,0.067164401624345,0.20590145873316348,1.8602444769462372
10.0,0.08076474987972641,0.1419423928250728,1.8853173002250454
10.0,0.0,0.10688622980560056,1.9869482498696105
10.0,0.08898565028536615,0.006817646940426194,2.1304561971006515
10.0,0.12342920609933125,0.050941925076778125,2.1224530102804984
10.0,0.0810057336028486,0.15849940630818193,2.0044833964848245
10.0,0.018923858914006463,0.0859452978013594,2.219811357500922
10.0,0.0,0.16452382795873122,2.210999168122813
10.0,0.03801217798761421,0.03734423401909884,1.892190290524065
10.0,0.13879158191911614,0.02984225176918589,2.0160976358225406
10.0,0.10661314947730155,0.021100503161329887,2.0397423021608465
10.0,0.0631271561955831,0.12349513679510161,1.9879308487702294
10.0,0.0,0.10474839598001176,2.0130765453320434
10.0,0.07121367485712177,0.0,2.110094572389784
10.0,0.10113780343842628,0.029541862146570716,2.043281569045152
10.0,0.020869005365355364,0.03196655138852427,1.9765433858092376
10.0,0.09014350345232602,0.1059792788263333,1.9020831783850132
10.0,0.07416671417677584,0.01536187937741464,1.867537692894319
10.0,0.0992395506580786,0.0011151992041238817,1.9501983792269497
10.0,0.10229659235119146,0.22441732492182134,1.9134473344081462
10.0,0.00688618320687126,0.07434723021721122,2.0252349627908064
10.0,0.14971736345111863,0.23337394803202235,1.9606979186007762
10.0,0.01272508759215563,0.126802886840427,1.9809487382716129
10.0,0.021812291918597633,0.07649906691438223,1.9308119664053076
10.0,0.11671617690910079,0.14669116415800523,1.9078335318129287
10.0,0.0,0.0,1.8732763961761174
10.0,0.06356732059146347,0.0629830153267531,1.9998669104441666
10.0,0.06227685616047449,0.11049229385584776,2.0860793695906814
10.0,0.06194676179105888,0.12021520883640843,2.176375970344613
10.0,0.06113198350181592,0.08762514142085957,2.062958290156597
10.0,0.07101038886619838,0.12585361984762367,2.0016369120589705
10.0,0.05340908738755386,0.12016608881521022,1.9367908794240887
10.0,0.016986227405949218,0.042425529799739556,1.892168936971467
10.0,0.0895066871259192,0.11116435268995391,2.029141535856044
10.0,0.10989209639221009,0.0,1.9100832226127242
10.0,0.09488513188769118,0.13846516295543962,1.9790018986582587
10.0,0.09302627882828117,0.08263676416213227,2.100219151936226
10.0,0.0,0.0,2.0797432002056455
10.0,0.11021875612336568,0.01138884122322014,1.9421619216707668
10.0,0.0,0.1102475285619109,1.917098827805824
10.0,0.022907480101500934,0.11486590557380605,2.10278928555462
10.0,0.06903510928063397,0.03494639880238939,2.0132569562242812
10.0,0.11344665909502796,0.036590517089080975,1.9543692793937877
10.0,0.028702247625695853,0.08338427220929631,2.0157115621347317
10.0,0.10405024451294463,0.02518507202534293,1.917310777096407
10.0,0.09786952169765945,0.06882887526213737,2.0611438106629087
10.0,0.04850093127037702,0.0385750160358391,1.9642484978670722
10.0,0.0,0.03761078315301247,2.050461216939502
10.0,0.049338682600222006,0.15853397745033643,1.91395643075538
10.0,0.10257770510051109,0.22684225623857554,1.8553383346596168
10.0,0.06479662889271143,0.0929910837430344,1.9835392939261212
10.0,0.08921430438864583,0.01691854241911063,1.904002103063773
10.0,0.0,0.05013773098795545,1.9824238304384796
10.0,0.07150224182492046,0.03152890619018562,2.003920509635903
10.0,0.041673802436321655,0.020850531818127738,1.886766585363281
10.0,0.09170960638186969,0.08157806439690347,1.9637563181819675
10.0,0.12328967205649953,0.18530343328499596,2.0198657212096425
10.0,0.0,0.04753331771982741,1.9409737706409727
10.0,0.12224151699760893,0.07828953148537866,1.924163182680928
10.0,0.06941357331520025,0.0852326088260055,1.9522014629283977
10.0,0.08285651619284178,0.09927810766794262,1.9847192549378738
10.0,0.0,0.0,2.0025034989920254
10.0,0.0,0.05977481802996436,1.9861228135451867
10.0,0.0020829158616225535,0.08066666546646792,2.007224959812277
10.0,0.0787064416592821,0.0385584426918108,2.14027420784052
10.0,0.03994001277609169,0.07074753430328992,2.1160236091536513
10.0,0.07968417775056615,0.0,2.001136930443535
10.0,0.013088237019102833,0.04227549241678296,2.1457504317541787
10.0,0.108806632838818,0.10235670355473035,2.025326664126751
10.0,0.0,0.015096641871690457,2.0680906945005457
10.0,0.05246721909874027,0.08992326303604199,2.012971477588532
10.0,0.051950360456912724,0.1164777282495759,2.0900313426021233
10.0,0.14167077929821303,0.10157109760858749,1.9133910604705957
10.0,0.10192611044835234,0.11941226928888897,2.0545206074735267
10.0,0.049863810666270506,0.18486189209620182,1.85927758961352
10.0,0.1320504096640145,0.08852153537396856,2.1065208550167522
10.0,0.03865340609494358,0.0,2.0567175643508384
10.0,0.046467224650442326,0.06907240159041872,2.175932363097685
10.0,0.11482461607955995,0.0947441196059811,1.907351789289497
10.0,0.15335612834992818,0.07462246400028788,2.01264770175351
10.0,0.12176397213928605,0.06040612311116957,2.0647735761123847
10.0,0.0778586443990361,0.041015658039647004,1.9603298299461838
10.0,0.009343375849513683,0.1719546388711538,2.030259313318774
10.0,0.024504249715983743,0.06548688712174364,2.0598037672355685
10.0,0.17880165263104952,0.04046766475111491,1.9117661277315021
10.0,0.005730789376054538,0.018880087877643514,1.9661058607754365
10.0,0.1078218284576708,0.0914029350253078,1.8382291596863856
10.0,0.1034698878779394,0.160038665051512,2.0205815995811327
10.0,0.09518291852759278,0.036756335329291956,1.9979702459934405
10.0,0.014108307554013308,0.055927749447763304,1.8853068738059189
10.0,0.09903812425562504,0.07946484233773798,1.8989068206984265
10.0,0.07546539513779238,0.005376065927943663,1.9984105993580863
10.0,0.11778100175406231,0.07094161618436379,1.9055730914281073
10.0,0.026642659540884663,0.2080862831072367,1.9393235592399385
10.0,0.06239577572140592,0.012080926084071028,2.011445334926005
10.0,0.09608067205222574,0.0,2.000542977269604
10.0,0.08676067557784177,0.07748477109560761,1.9616476921217223
10.0,0.13513668128596823,0.018546064861544843,2.0061093148346423
10.0,0.12523270664784772,0.13816164390906555,2.025805523737113
10.0,0.13493681055068024,0.09288365029913129,2.1032109834208725
10.0,0.0,0.07638287209075202,1.9817471227312056
10.0,0.09875587563577241,0.04054346359184578,1.9783525464368479
10.0,0.02662735858107301,0.07993767051362599,2.09041753032423
10.0,0.0,0.06621313688634721,1.9609930086984302
10.0,0.10274271142958802,0.0,1.9627257268071572
10.0,0.0012252338549785594,0.05036046454041683,1.9397449573213665
10.0,0.041536371468728475,0.11866065489084097,1.919589648865983
10.0,0.04866249453313923,0.02448371975382844,1.8973593176112151
10.0,0.03513255792916761,0.18531405102107174,1.9710006119224375
10.0,1.2420885599533158,1.1969508536371927,0.04562870466541458
10.0,1.2164785604210064,1.2735980515790613,0.06543729523779966
10.0,0.9158085257326847,1.5217837265589358,0.04446460617155475
10.0,1.2700499191157735,1.3425734415323578,0.15919507285320342
10.0,1.343944624326341,1.1318922569403698,0.03797015279455976
10.0,0.9800632779429472,1.466742810656622,0.07633679486778971
10.0,1.0554459621112102,1.0068904057883932,0.26304810935879414
10.0,1.2069353956179933,1.1185590253387612,0.14321556344525796
10.0,1.2987300712062735,0.8188940051243423,0.07262818636290892
10.0,1.246282745442526,1.0576385766418361,0.023982844897724252
10.0,1.3464131558689432,1.1486265676233356,0.06847508340866874
10.0,1.496201122459714,1.0971533678390264,0.06357666967435702
10.0,1.4244750258242602,0.9601684936600756,0.013865230218548802
10.0,1.3658105336569961,1.0903766846597016,0.0
10.0,1.0203560246791934,1.310502118301657,0.021197123329672045
10.0,0.6622107610223891,0.7901088660793916,0.4308756916556455
10.0,1.2991890238274864,1.1575543731740727,0.029000131834936185
10.0,0.0531251578889457,0.10806764589095796,2.171216281343662
10.0,1.0234051614445718,1.4432660746200714,0.2005770123005133
10.0,1.5539015939580623,0.9985272678454722,0.1372448899265817
10.0,1.644966347777435,0.9552442470072765,0.0
10.0,1.2373186136555596,1.12707468255119,0.02595736913313037
10.0,1.1899303187209658,1.2896423562753478,0.1187897642121172
10.0,1.1732552489891896,1.0196676182242825,0.021556450253369407
10.0,1.138588781866621,1.2611934948245125,0.12539681720105322
10.0,1.0274242322571794,1.3318656678258969,0.1271909377474208
10.0,0.909134237841738,1.54728267049838,0.0
10.0,1.3283735231051288,1.1649821837170362,0.0
10.0,0.9945539094747161,1.4775641165188333,0.07535299628018377
10.0,1.299225376430769,1.1238760954045692,0.021813057954179038
10.0,0.9892054841248796,1.4604461881358142,0.055633534034684906
10.0,1.0983943532003797,1.2542864966907052,0.06535150362521984
10.0,1.4868511575229644,0.8123429284999049,0.1081990914667233
10.0,1.326533452462379,1.2021291771298122,0.010235150980133778
10.0,1.0501377426761582,1.3768861287149037,0.054890478237083776
10.0,1.145999003587668,1.490416302349292,0.06550226274199965
10.0,1.021379387053252,1.3063931180112838,0.22987146755220614
10.0,1.1261946175344035,1.1100103906445362,0.1632835849155183
10.0,1.405585930665184,1.2547020915111264,0.029198584462553995
10.0,0.7886528749629593,1.3619645601643746,0.06194699890159901
10.0,1.4850247745838348,1.0893498181062669,0.0
10.0,1.2608548953921594,1.1282299972632792,0.0009330955306061007
10.0,1.3409859060999396,1.0908095454336495,0.0
10.0,1.021765255913556,1.0796057307636815,0.17665989242184027
10.0,1.1920572194025838,1.1103702554992543,0.0340728542570262
10.0,1.4952059252017553,0.9982121751826263,0.21256688559397063
10.0,1.0059380480721525,1.432021081929693,0.05177159986508007
10.0,1.036117189048245,1.1480102969873214,0.1806857198365891
10.0,1.2386484645754048,1.358880203036725,0.001884628640301568
10.0,0.010089292349447863,0.027049772953350076,2.0390836190955186
10.0,1.0453599387138144,1.506050063505097,0.08235528349283339
10.0,1.2418940445026863,1.0582723217777497,0.0
10.0,1.045730055454588,1.1531244810891397,0.1834088300388393
10.0,1.3141788792098408,1.0104913759621779,0.054938477565110944
10.0,0.9359896043025357,1.190231920945294,0.0
10.0,1.2218870044501307,1.2527351242564362,0.23618835673940888
10.0,1.2633019583197223,1.136361260264205,0.10361504598431015
10.0,1.290362788080053,0.9848401372603269,0.06382869839634936
10.0,0.6759328912744119,0.795338423092775,0.5655949469927427
10.0,1.484183761341528,1.1243158655221366,0.0004729078406695379
10.0,1.0499780228108044,1.274194583823128,0.186549197877077
10.0,1.48786785597929,1.0267009488837924,0.008131463844696287
10.0,0.9703500185503585,1.4795994663925822,0.0
10.0,1.2149619022076277,1.1704105123953499,0.04901808808496326
10.0,1.205090170675534,1.3021529611048002,0.04131113407921379
10.0,1.4631997648316208,0.98803896682059,0.02186730242778106
10.0,1.6528046572260326,0.8705349842373475,0.12895686490460706
10.0,1.3462687576669212,0.986527551941956,0.0
10.0,0.9718632840387954,1.3570011806213067,0.024978355090589724
10.0,1.4130214171924886,1.1096321866551402,0.0
10.0,1.2818987728739009,1.27668231828763,0.00045949254025271944
10.0,1.1643004104728432,1.34452338279658,0.026612400247258222
20.0,0.3345263777621738,1.777865185622816,0.24381082286998818
20.0,0.6783767987695056,2.023546842398442,0.040636738572861944
20.0,0.4528409471024145,1.8473881713351454,0.0
20.0,0.5121380379987753,1.7148714718822222,0.0
20.0,0.6082161994877916,1.7698047932347087,0.05915242991129449
20.0,0.7352127989440271,1.8504515402610613,0.1136799547522716
20.0,0.6779589814809845,1.7906442242175635,0.1735628432641883
20.0,0.731393629552605,1.9084889127282114,0.014283718287385179
20.0,0.6532008979521516,1.5787339650321257,0.13646859149558627
20.0,0.6239505481475056,1.7377601290914346,0.1060132261717591
20.0,0.6461741658975149,1.4665355585473263,0.35572204280706987
20.0,0.6433672540859757,1.956433060547464,0.09055561917511311
20.0,0.6971806900737635,1.7087724995742344,0.06951137335596172
20.0,0.40648404137058597,2.0080512322793034,0.10179404742654623
20.0,0.6968859789839016,1.1984896819662902,0.41673707936226473
20.0,0.5437814914430176,1.9735538513665156,0.03726771732931076
20.0,0.4939174064933656,1.4566234144513786,0.2560719951853197
20.0,0.707740759465455,1.734052135774359,0.0
20.0,0.5998599173926322,1.4626924644000847,0.30966646230843276
20.0,0.6869832115022643,1.8108941271257377,0.0
20.0,0.6961911638645901,1.9648495883384467,0.01671370281273178
20.0,0.7857094658110156,1.4274744855941348,0.023414579630300608
20.0,0.8374030393084864,1.6981699230352487,0.2632057749090594
20.0,0.5663899303203934,1.8657539533405894,0.11373341428479368
20.0,0.5860126393291464,1.710757905814431,0.09059032337937034
20.0,0.43047155808767973,1.9646043430760722,0.0
20.0,0.6533053859877865,1.9680381901820323,0.20260409426544965
20.0,0.4139067972453414,1.7591664192003658,0.04482893959712746
20.0,0.5647056847067975,1.6660396417920422,0.23014949702899806
20.0,0.8445984226643256,1.392035727105029,0.23155356670980823
20.0,0.447091624761822,1.9735415632189397,0.05521902809490545
20.0,0.6606021253216428,1.6525825790610862,0.0
20.0,0.32859559864461485,2.069796957815484,0.11424168795861092
20.0,0.7134556936408943,1.8607969984350898,0.14266470562210498
20.0,0.5239363013161703,1.8662052174055819,0.020796650121646776
20.0,0.590159359889199,1.7628644359595196,0.12736881386522414
20.0,0.33697443496169877,0.6826412543034891,0.6281568717747298
20.0,0.517141325635916,1.9924501323799246,0.0
20.0,0.652372248435141,1.8939817615709311,0.004462843055535883
20.0,0.6034028192720887,1.98730563671647,0.014870039341122016
20.0,0.7992013404042057,1.6696636574478225,0.01799893393484488
20.0,0.619359476560673,1.9723385545204821,0.1679749571815688
20.0,0.40161800865475583,2.1219857315847266,0.06462661685435889
20.0,0.6507763564082222,2.0420378016131377,0.08386488698691029
20.0,0.8079854154010815,1.8127156991182563,0.06098241266394039
20.0,0.7776576819538943,1.8116180433106477,0.0
20.0,0.562341380745143,1.7874204421546283,0.3245770658881321
20.0,0.6132772449464138,1.8199554437377996,0.0
20.0,0.619837608417646,1.636647092691772,0.09754354936418912
20.0,0.47313975262490304,1.780638845137273,0.052539849993394054
20.0,0.7419501759635095,1.7466215311047764,0.017464321205883523
20.0,0.43795628370100487,1.8564564644160808,0.017668041131711238
20.0,0.43667236682528243,2.202720418901253,0.0
20.0,0.8027776596475659,1.6481679539203788,0.08484517038126685
20.0,0.4820139360077955,2.01130921221923,0.0935582032306631
20.0,0.5905370364929752,1.756825886780334,0.15983403017984338
20.0,0.5837479895194697,2.072649596927416,0.0
20.0,0.623492616044391,1.9356056449661772,0.09532814768603742
20.0,0.5430292402559134,1.9759908989075092,0.0
20.0,0.6449375719671722,1.9733818339065365,0.06473551443650373
20.0,0.5643585497176935,2.1024816815829848,0.07084287493771493
20.0,0.4495103316657298,1.913091632361147,0.16652895374044369
20.0,0.49590067485678113,1.9892370131983992,0.007590326979674468
20.0,0.5629681539743849,1.8843842273127924,0.0009954958787658824
20.0,0.25833638728772584,2.1725377010036757,0.014491087190847797
20.0,0.7411117402496581,1.9004232509944459,0.15863011631310636
20.0,0.8430377048122448,1.6021827273890465,0.06797628561859533
20.0,0.6841334648022053,1.623273307934036,0.10096322408044398
20.0,0.6375848828397138,1.6853307697492037,0.27009284429929103
20.0,0.9106966970416132,1.5008001437535714,0.11459641007383611
20.0,0.6319285672904708,1.9419633857917251,0.006312084306386995
20.0,0.697616807097567,1.7174619314788866,0.11542016781297929
20.0,0.8074543146417853,1.7297017217761843,0.1135025008441985
20.0,0.3554711255386139,1.9368713234152681,0.21736656625852407
20.0,0.648561788723661,1.9408756823720517,0.08770029111744783
20.0,0.7028361116698233,1.8001768496687915,0.3799677627011257
20.0,0.5967539453320027,1.9008028628191378,0.07068818814346983
20.0,0.5275621470894379,1.9501881192047812,0.1471352020708794
20.0,0.5138649162202213,2.1082706943151175,0.17930718701771176
20.0,0.6089716509274254,1.7836551622820562,0.12555584160976227
20.0,0.678895725794922,1.8785431106559969,0.07053592531755723
20.0,0.4714879334958929,1.9578998745958902,0.0
20.0,0.7178864008084579,1.8213744901495112,0.0
20.0,0.6240672555812663,1.9498026224807528,0.0
20.0,0.6744300886144865,2.025074468118864,0.06089938397121243
20.0,0.5795597970223512,1.7591818077319306,0.16238784184998378
20.0,0.7059396527918808,1.9922363911903487,0.08634508264735706
20.0,0.42993027688306784,1.97170525743976,0.1549775608895082
20.0,0.6841290735777813,1.641434237966719,0.03218080724556115
20.0,0.8751907589950437,1.6361365746072192,0.04857900398605386
20.0,0.43706003137415184,2.2026353070951576,0.0
20.0,0.5584145583078274,1.8281677166709325,0.07569333461754688
20.0,0.8887344280225103,1.8256861993411735,0.03575709905572883
20.0,0.7092640540869867,1.4301417737674142,0.4066663191857139
20.0,0.6873320173609757,1.8217777811279035,0.1029133760228491
20.0,0.805049048050352,1.7818653103019533,0.026683621754027036
20.0,0.625607719711409,1.9020014630341893,0.2014081944528452
20.0,0.8418831236976358,1.605318711854529,0.043549666147195465
20.0,0.8283495357223806,1.661634178326883,0.1270535047978625
20.0,0.38181941970167543,1.8987964798273862,0.020757684109271164
20.0,0.8811879569117066,1.7158865537242158,0.04447162482012497
20.0,0.6242392732256447,1.9916485116171572,0.0
20.0,0.7944873104458144,1.8149994951993742,0.0
20.0,0.49031507462503066,1.7264666008971066,0.0548567188582337
20.0,0.5471765550786145,1.8438427702522533,0.0021618205418809933
20.0,0.8202100608520176,1.7607665875847722,0.15339669283914195
20.0,0.46358128729085135,1.9951296037125503,0.0841610817661925
20.0,0.683378974482164,1.752624154850469,0.06706403738840107
20.0,0.5519974910614137,1.501901262980128,0.3285303808922779
20.0,0.41575345520290463,1.9355467017614114,0.014757089439128112
20.0,0.704269369057037,1.8487790642953963,0.0
20.0,0.3132848995575968,1.940293809137184,0.04391850822235752
20.0,0.38034779018821924,2.0547360616513495,0.0011240799959105832
20.0,0.5919884783504306,1.7281959038398989,0.20079788507007584
20.0,0.8053596592008208,1.7845723733170311,0.03973265911802589
20.0,0.47458111328935837,1.8612534095622952,0.035254752718477896
20.0,0.3517930369628006,1.9514835355996174,0.0
20.0,0.7516991320884725,1.6048816164621762,0.05327244659635467
20.0,0.8631386911571137,1.5290011910545425,0.04634155347680109
20.0,0.5368764416892162,1.8639274527992855,0.110607342358656
20.0,0.5221575469639066,1.7146713421452004,0.11252752748666156
20.0,0.5032697020382327,1.7875772729919663,0.056579439679281446
20.0,0.6441850585044522,1.8398296473242954,0.032868730156473756
20.0,0.5128715625978031,1.7913915753254102,0.014066992614741966
20.0,0.05524846118571182,0.15724868671026687,2.0022550253884086
20.0,0.012367005363630435,0.14013020668557857,1.9931446033382128
20.0,0.07228475223225286,0.0,1.8791853991236072
20.0,0.005472262525488887,0.10866476509641869,1.8626651516913018
20.0,0.06015222723695641,0.052808602634097195,2.0480912027785174
20.0,0.03160057274879959,0.062461259120075524,1.9708385909164394
20.0,0.09714170073460637,0.049375832440265624,2.0530712837916374
20.0,0.1283428322447232,0.05420138322115936,1.9172123883357575
20.0,0.10878061901340455,0.057218578402586484,2.073360783575693
20.0,0.05338151103923455,0.04158648898106196,1.9715753798875482
20.0,0.05785987211383583,0.05555671039401764,2.013609153427988
20.0,0.04694445190401724,0.10577721989554555,1.9422916297904165
20.0,0.05149402468892262,0.10018875314705797,1.9832491882564012
20.0,0.15246204682216058,0.0,2.018135938941195
20.0,0.05090479988869361,0.1626239561290668,2.0624419134075307
20.0,0.17955724617104568,0.044361622133296766,2.05471173040223
20.0,0.08015707479637725,0.1458482520213638,1.9733202282631555
20.0,0.13080557159081474,0.08818904020178864,1.8488358312317204
20.0,0.036871755571187506,0.020618861109228344,1.9684392064421643
20.0,0.09339952366749867,0.08746251190375032,1.8143418670389033
20.0,0.10420723105408056,0.04068257331667426,1.9217520305068918
20.0,0.0774887740260122,0.11739506016296311,2.000031234706359
20.0,0.044542500035214254,0.03831786994787592,2.1116260732101684
20.0,0.019863081654308407,0.0,2.0000929376574326
20.0,0.07041474850565198,0.014888138221742954,2.116847100389119
20.0,0.11322522946452322,0.12031331090212993,1.9970783598602504
20.0,0.09409356657597864,0.03395433162352516,2.01878598374391
20.0,0.0,0.07248146900759042,2.0083367772364613
20.0,0.16776446515792237,0.0,2.2003726161060007
20.0,0.017299834684139478,0.0660850785876285,1.8005069157776408
20.0,0.015104435341636108,0.11978095903624722,1.968306716842726
20.0,0.00967640781607116,0.0,2.035894846969857
20.0,0.08648423613085868,0.08647427264824228,1.8159508267514723
20.0,0.08116721696250617,0.029165689835091695,1.8844874637352658
20.0,0.0,0.087482032886216,2.0287566290631
20.0,0.0963126809852987,0.13142900518491293,1.9568193135252372
20.0,0.01883938208181228,0.16269131524185018,1.9681123984564959
20.0,0.05127149854274153,0.10691960347083558,1.9538312342819988
20.0,0.005053398272787765,0.009587824811860903,1.9922556435872767
20.0,0.11507252784094357,0.0,1.9957760711085695
20.0,0.042130067546829075,0.0,1.8822346865719763
20.0,0.0723833111494942,0.17944473931752397,1.9538854644363515
20.0,0.043321520425685336,0.2096558895638971,1.9533297545319122
20.0,0.14174776400734249,0.03145851843133965,2.0765485439707607
20.0,0.0,0.08565119309364098,2.043509367888311
20.0,0.09032943839091939,0.05873582088902868,2.0432647113205054
20.0,0.06983331373469978,0.006291131549408983,2.0019183990439675
20.0,0.06894142782889279,0.15616343856976847,1.9022762771825847
20.0,0.0003973441253172019,0.21015075329647986,2.0722946767758947
20.0,0.0238533426380314,0.0961038884410395,1.970738616747095
20.0,0.06853903089605234,0.10732824318182102,1.899350237733462
20.0,0.13548621480325773,0.04591861761112564,1.9195120456560282
20.0,0.08816440143701303,0.08049514523013579,1.9975853038800904
20.0,0.0,0.09699112399956769,2.011713752200666
20.0,0.0560863277562497,0.048805903617129984,2.0508957556806946
20.0,0.09771688735550806,0.10038238551686134,2.0181581826637913
20.0,0.0412024366691264,0.17000979062562335,2.0268118131374617
20.0,0.13160329270035753,0.18108500756909351,2.001694991357084
20.0,0.0251721177783728,0.057458749905236875,1.96052045309189
20.0,0.08276819243415569,0.034480997488933615,2.0999351509381317
20.0,0.05355994408033064,0.0,2.0520186176767403
20.0,0.0,0.024525369312337696,1.9685831527707796
20.0,0.03877737990226816,0.036762671970971855,1.851003041862164
20.0,0.0,0.012022226213957932,2.0321519988971697
20.0,0.06403441705848996,0.08641693878812493,2.0167230746565292
20.0,0.05487107090645408,0.0,2.0806504284010034
20.0,0.011558521445120765,0.07104150331433903,2.0235031613112424
20.0,0.005254995700832186,0.06210022791090075,1.9900048642894272
20.0,0.10160010003301906,0.09406512181463914,1.9850253236087148
20.0,0.06225840486460979,0.0,2.055557399288587
20.0,0.16787413743146887,0.06366436515188521,1.9720088546141836
20.0,0.004893972589074709,0.07594075532111985,1.9911154444882146
20.0,0.0,0.049939868961797265,1.9700095354606708
20.0,0.04707311690825711,0.09037608963574345,1.8915225884091553
20.0,0.09523363597543462,0.1890119198157277,1.894245170110286
20.0,0.08182868697967716,0.09404118878564002,1.9794855305953498
20.0,0.06725491553507745,0.024604855784520666,1.968188426421993
20.0,0.10792549606604239,0.04984746722466669,1.9542368010613416
20.0,0.018475586403784702,0.0,1.9858126714043267
20.0,0.09726692236128158,0.04834435343068308,1.8877789234895443
20.0,0.15171076778432,0.08557719999158724,2.0202458857040986
20.0,0.06979792879354338,0.06402324119670519,2.013998528534434
20.0,0.05078713522691303,0.10129025377639367,2.031168282007492
20.0,0.0523271927069819,0.0825708651743748,2.0009591295700395
20.0,0.08435185812450108,0.07161114194835146,2.009734806866352
20.0,0.08885326159168547,0.06913759123602183,1.9853421391583057
20.0,0.15571742317821102,0.06991645243682328,2.0076965817070547
20.0,0.18268077053627196,0.0,1.8841981915018418
20.0,0.12930582277824043,0.18332276474780643,1.9675453723068022
20.0,0.07404595601580474,0.01584758175618479,1.9841541789441115
20.0,0.007673844460703964,0.14862403429952295,1.9995572426922974
20.0,0.0877406677681369,0.09442814686575877,1.959051012549473
20.0,0.041542859459964825,0.06876706277335765,2.0620525201136894
20.0,0.007326976082239922,0.007388186699072222,2.0028659574534124
20.0,0.12424590271430871,0.03302880581206851,2.0108455444716866
20.0,0.0627367533649751,0.00578531012443985,2.081704289074667
20.0,0.05601504248460197,0.07998117894519494,1.9634941099427239
20.0,0.07561474081532635,0.006098427503772843,2.0546930209407495
20.0,0.03187473054417558,0.026300594140563925,1.9362849173295624
20.0,0.03363298440907679,0.030072932112371095,1.9718403343648294
20.0,0.09150871429812696,0.1063193534166492,1.977119476057348
20.0,0.07830302711983836,0.07560553767365157,1.8577557209876923
20.0,0.12046351906725536,0.08312925349359439,2.0038900805809385
20.0,0.08299550173706755,0.0,1.9757988049910984
20.0,0.014687139875800656,0.009188655408850083,1.9171797406324547
20.0,0.03813347922757827,0.042845899164121175,2.1024408707502324
20.0,0.12269097623943138,0.0720846179776586,1.8476644709284564
20.0,0.07454902977230701,0.06910857806796541,2.058753235325985
20.0,0.0,0.08681687613179742,1.944956208491057
20.0,0.02138925953988709,0.14055813660774297,2.003348082773446
20.0,0.106055881533456,0.14225055706358442,1.9009754254579654
20.0,0.056851883545576964,0.09592950017446873,2.187866505488709
20.0,0.033001727580526836,0.004706792636501791,1.9966458403032474
20.0,0.03329941186756498,0.09112225792179399,2.0156916799874067
20.0,0.10873229379617108,0.028378349862014242,2.1640015150940557
20.0,0.13585500873590028,0.0003643184940660543,1.9355436685516125
20.0,0.0,0.06362087720219231,1.9394368067200818
20.0,0.17716749910333401,0.11195959584415945,2.008459666432032
20.0,0.028368158083647045,0.10332820433402347,1.8554802452039294
20.0,0.1959102791339949,0.09771811479729021,1.9804050838763325
20.0,0.0,0.07017768213102574,1.9936481291646642
20.0,0.17282022551286036,0.0,1.9269789984916719
20.0,0.10486553327906117,0.020091580307398767,1.9912169231602255
20.0,0.036996403664262476,0.1459695891478756,1.9561889367689256
20.0,0.13904688169371868,0.1190461260263121,1.987613749494243
20.0,0.08349102866213193,0.056958559176533155,2.002967812887527
20.0,0.0012106273683170077,0.08142649445734469,2.2242349269644164
20.0,0.02716903587161639,0.04723891453462846,1.9104692400448955
20.0,0.04124075078953785,0.011674391061875018,2.034439699900768
20.0,0.06425466063038554,0.10421135919909012,2.0791239614717525
20.0,0.09669796853645911,0.04578930955901659,1.9583278691572328
20.0,0.03384510627706757,0.1413689678000157,1.9448317531152386
20.0,0.06255394550183745,0.04585661251609471,2.0313194008896738
20.0,0.13433547607156693,0.04589213363885112,2.0680865987982933
20.0,0.07264556308069177,0.11231187771099327,2.0619458665205475
20.0,0.024070657817864816,0.10523673341276837,1.932643744819278
20.0,0.013988079926765647,0.09751727495953433,2.0223201417925285
20.0,0.07651138985490406,0.06881788252700013,1.9365195908085184
20.0,0.10753826615269862,0.04064099788159213,1.9266137215440018
20.0,0.11770205795793107,0.0773201175013286,1.9593731566607275
20.0,0.11160168681617207,0.06757730079755389,1.9902081138559415
20.0,0.039417869416404204,0.011669264066209663,1.9423507749638236
20.0,0.06018162688904073,0.02814475376136591,1.8451140615872106
20.0,0.053352522115633676,0.054434761655665034,2.205285240393308
20.0,0.047724495068088,0.020907931847978768,1.9937476247261987
20.0,0.13557162009638826,0.01829309554546023,2.112993373901304
20.0,0.06162899669073912,0.07286226570100515,2.119082403316406
20.0,0.1813203341092307,0.0051871550438549515,2.0878365337359637
20.0,0.20421175268409003,0.03610546878106731,2.124259090766782
20.0,0.04574645092114807,0.05263430460035129,1.971126147164996
20.0,0.05508337608643263,0.0,1.951965076274338
20.0,0.16013240815585406,0.14807495291900036,1.9742851594424986
20.0,0.08151639671391595,0.06888773339285192,2.0059053607940758
20.0,0.11395144418017572,0.1462356737720391,2.0731932633302717
20.0,0.10037712426679318,0.03451884724490044,1.9865875733383083
20.0,0.11815602539312442,0.08689493115116151,2.0171503942647093
20.0,0.012960001470744623,0.10248038669977669,2.0763933696428865
20.0,0.1360858892194278,0.05237888993439151,2.0301243199766987
20.0,0.06469244100168108,0.06671101251407734,1.9639783237324002
20.0,0.0,0.04799065718269892,1.9936107450242215
20.0,0.04728595253542023,0.004792532696015166,1.9950688389599276
20.0,0.12336144578128574,0.014464750778606764,2.0307528889740483
20.0,0.1265686170934925,0.059999199954107574,2.003659345731576
20.0,0.0,0.17311233701323891,1.9211685549304642
20.0,0.0,0.05923866076665244,2.0123009785086876
20.0,0.0,0.029655839393232006,2.137487361801618
20.0,0.0675164399249739,0.08324165124608525,2.015257894107819
20.0,0.0,0.07675346407716858,1.9690269239414881
20.0,0.04396727339229346,0.06477815423407864,1.9778356735134794
20.0,0.07926812331137949,0.12355780768334726,2.1121171787712307
20.0,0.09196646423204667,0.19430856317759007,1.987439571682404
20.0,0.1158943697196104,0.1104792726007273,2.033114581469486
20.0,0.11778326695505105,0.03943334648691669,1.9097150518949044
20.0,0.07188226515443867,0.0,1.9684272271105838
20.0,0.11774326646321288,0.11474369413827484,2.184134976725341
20.0,0.11619853929029829,0.1005133528630951,1.9744603388529165
20.0,0.12228688944707464,0.02652977423999421,2.034242183061611
20.0,0.061219099832840046,0.12481161017568691,2.0846635217909637
20.0,0.11361701895738435,0.0,1.9657092500204738
20.0,0.01563761725872119,0.0984061553710459,2.0435296026768883
20.0,0.16415823754262357,0.09414104086607702,1.9556801209307393
20.0,0.09167350689653123,0.14210266003326746,1.9777658412943686
20.0,0.021200600450232556,0.03607982578821882,2.0215231026079103
20.0,0.14586813295710038,0.08843192612188418,1.9042936300402993
20.0,0.021974276058267093,0.1032428178097847,1.885169624844644
20.0,0.16355447772405537,0.15707055651626725,1.925802094060388
20.0,0.06942240220845725,0.05820872115572145,1.9608051508127595
20.0,0.07147860008864529,0.0503010067717513,1.983474131015362
20.0,0.14781299868072142,0.02102165976000783,1.9089491221021269
20.0,0.029442475325604744,0.04401120478297686,1.924828250155796
20.0,0.11085206118736657,0.06355754833233263,1.978474851820272
20.0,0.13201991376560807,0.11445841412430399,2.033765440617408
20.0,0.07456347901704545,0.0,2.034312169846966
20.0,0.02460508865237969,0.0806750334711135,2.0321740443678538
20.0,0.019647309794097886,0.0729800923723193,2.0208758502995137
20.0,0.09109652636081146,0.03438046175855043,2.032765468279059
20.0,0.07715452677277573,0.011559919245011673,2.055881755967767
20.0,0.08610518672163747,0.0030139047548924224,2.005908690181091
20.0,0.7151572347591681,1.840420449270372,0.04040644086894148
20.0,0.6265637435083362,2.020904859049571,0.11723171866015877
20.0,0.31526177896757546,1.9021842113875602,0.022927085443275347
20.0,0.7186538306289674,1.558371717539245,0.041930951554738985
20.0,0.8713758179668395,1.7940004049161693,0.08533008640580385
20.0,0.721626275101774,2.018678433176827,0.10126560386753743
20.0,0.9589584139712797,1.6648321802622446,0.11878932913274914
20.0,0.5092772911848594,1.8942159886792946,0.10386359513192209
20.0,0.3275088287214181,0.40628757643998015,0.7360391458977034
20.0,0.09407909217766477,0.2143866553886492,2.0284251928074624
20.0,0.7319832955570084,1.61608595320845,0.12772871831852345
20.0,0.6244196306360599,1.5694868010301462,0.061811628585226985
20.0,0.5646989819709456,1.8927189503427904,0.0015479800077557622
20.0,0.4244953996039982,1.8450762036916266,0.11818311326741246
20.0,0.5432361943459803,1.9750014624640222,0.017603345910900556
20.0,0.701737978520935,1.6197330296137795,0.26097748782588776
20.0,0.5327183023081156,1.6146997942865329,0.27806882193048466
20.0,0.3537906674420566,1.940285326963792,0.29986708898814524
20.0,0.6360327418448356,1.8475553421041415,0.0
20.0,0.537424589760228,1.8352408705949816,0.23921174894277003
20.0,0.5295514698712068,1.73626066205181,0.10044029250068714
20.0,0.9891322947057656,1.6000409052085502,0.1846203507575694
20.0,0.5871654815282876,1.756085443517007,0.11464852157658151
20.0,0.5451486018739252,1.982513078066076,0.0
20.0,0.5880313453871763,1.8961728925333126,0.0
20.0,0.7026731484505955,1.7017198816493027,0.009245464667599172
20.0,0.5584566405614817,1.9591499766115053,0.03081004563215603
20.0,0.49552257711636094,1.8743395921706245,0.05738736271742033
20.0,0.8290844535910712,1.6036891018160464,0.013400351447421143
20.0,0.4810114342519464,1.9800597810365699,0.11246243305702795
20.0,0.2914210316862304,2.098429218006238,0.05326122618932696
20.0,0.44998330963139516,1.6394080362607755,0.036411572130508434
20.0,0.005226364135870767,0.12867335810118702,2.001552804991897
20.0,0.5886387070119344,1.8615192782796048,0.1172633604283549
20.0,0.5735189996099181,1.905774694119972,0.046439380020009226
20.0,0.7142442632700712,1.9801737688087773,0.16447311859636848
20.0,0.5299834167713876,2.18175362246749,0.0
20.0,0.8279700150366102,1.4585343291292774,0.11382553291811764
20.0,0.22909440574753126,0.35609431287823984,1.386092808971992
20.0,0.7160127844117838,1.623109584813107,0.11981578376325872
20.0,0.3470098587071336,1.9359979235216938,0.08317696821535582
20.0,0.6545485142656754,1.7990326968550778,0.07418148802629887
20.0,0.7499444575011341,1.7888423001624791,0.12054476920788666
20.0,0.6953651011838161,1.7186264935367095,0.03413155952528368
20.0,0.717564992537729,1.7157944172766968,0.049234899674353814
20.0,0.93112899785938,1.4239581471099056,0.2035409282331261
20.0,0.7294246629614577,1.600295037058128,0.10556004964384108
20.0,0.47956905330094346,2.0185774719797624,0.13252861937199184
20.0,0.47520960938224927,1.9207006216966314,0.034494358044240434
20.0,0.5014136036518142,1.7806322506417034,0.19882113010362912
20.0,0.10694108944942365,0.25525434349616455,1.3046498967011269
20.0,0.8085104590595229,1.7505133562839927,0.043373484574899195
20.0,0.5440339297583165,1.8995391559231811,0.0
20.0,0.6010874035609997,1.878185168208393,0.08358934607708346
20.0,0.5158505386834893,2.0456266478255207,0.036666475322780126
20.0,0.576367483540412,1.5964195051074321,0.17663582766827932
20.0,0.668194586435217,1.6039868076667867,0.28858437582268476
20.0,0.5845796011322277,1.751513939511661,0.021284726029224967
20.0,0.7846943773216069,1.7420685671288245,0.13499174084230395
20.0,0.7800186088056532,1.688528403236938,0.2251632198952219
20.0,0.4859048276432757,1.8332179609788157,0.2156480126665598
20.0,0.6369118799316528,1.7499816175461658,0.04892732388663598
20.0,0.5438274916600201,1.36472773492543,0.39241062016815015
20.0,0.5387825696697898,1.8663029901993824,0.11620983462209686
20.0,0.4195372834047087,1.8230743746717422,0.14682925327004298
20.0,0.6578554012563391,1.828677165714015,0.0
20.0,0.5720571031983953,1.73797263202662,0.0
20.0,0.45724118608579534,1.8172321821582342,0.15486731903297968
20.0,0.5058111979969349,1.9327677761826287,0.050853230337914286
20.0,0.5609110044292193,1.7422669692217627,0.02487713725341837
20.0,0.7169810553296145,1.8967281408810963,0.1193171585798751
20.0,0.8185548083982291,1.8595413863636965,0.19933035348510866
20.0,0.4436624254375265,1.7399995517778386,0.13769719727115767
20.0,0.6194313673907091,1.6884769203274184,0.13532787175144706
20.0,0.556179206958125,1.791840000230107,0.0
20.0,0.5941367720217386,1.8931945257230445,0.2364075079536022
20.0,0.5240670574039762,2.004866358285153,0.2645836450621294
20.0,0.6055932950125049,1.9998891761203197,0.020613453355999217
20.0,0.4346843731400671,1.8932340734358863,0.04001375318715907
20.0,0.7169573456018121,1.8438801764790924,0.049357696076376745
20.0,0.3052615815783451,2.085738935180046,0.029997354392841624
20.0,0.5573818180745165,1.8627507168266788,0.16460296182297054
20.0,0.5013437424350398,1.8137376677465764,0.015537827748475716
20.0,0.48761777606481316,1.9821669757426834,0.018201887010471783
20.0,0.8109170419087679,1.7674310424241726,0.00965360728914292
20.0,0.4996601892345508,1.8284890815643824,0.05371549257109712
20.0,0.6184267688310594,2.0331630024413756,0.07446210497947739
20.0,0.5276128676331863,1.6552103631496855,0.2403860197217709
20.0,0.7390692675479287,1.7096257109445676,0.07021934555660353
20.0,0.47348306284798763,1.9343627187091295,0.007583698768328144
20.0,0.41613296840065017,2.0421083888671556,0.005528703163210719
20.0,0.8568440665755302,1.5366245705792485,0.1491423433908663
20.0,0.6520716037308708,1.8357778112718401,0.014842875201598892
20.0,0.7921191381659433,1.7578725209814523,0.20679544793127358
20.0,0.4582194986517367,1.9631008355737567,0.0
20.0,0.5816398482846602,1.9951338774185305,0.12678578048924988
20.0,0.28227796286345475,1.9690920730000647,0.08446804597654456
20.0,0.7038763183674052,1.6272262792240646,0.08054250524590362
20.0,0.4315466228056651,1.9686121656564355,0.07780463156807868
20.0,0.5398363099936483,1.9426831773312354,0.037620181285792705
20.0,0.5622390594479487,1.986054154833946,0.014400638786134373
20.0,0.7689525508831219,1.9338242105193726,0.06960539537498925
20.0,0.7866852514042137,1.866520185674687,0.014329617353938786
20.0,0.6577252422105458,1.8267130886863943,0.05845459234821242
20.0,0.5766484899963406,1.9064503103471497,0.0
20.0,0.577868906752496,1.9492191936234777,0.04850944983402218
20.0,0.8033547259641056,1.8448489180069274,0.0876826436894129
20.0,0.5627775575336021,2.169001108558816,0.0821287415354554
20.0,0.38397690327336054,1.9391756013761745,0.018736138518527713
20.0,0.6731050033700979,1.4476948923616113,0.05525702934781117
20.0,0.6576964987050139,1.9759295927185705,0.02420845249488002
20.0,0.6346978269400378,1.8530583090500647,0.0
20.0,0.3180920717990561,2.082954435728566,0.010798550208071488
20.0,0.5847625677276482,1.844692929455137,0.08595656344476472
20.0,0.6341597732010666,1.9193396859320466,0.06157899943729596
20.0,0.5207027203795794,1.750967039457377,0.11521960443684501
20.0,0.4418710059290211,2.163505657144845,0.06004887786341041
20.0,0.4816206781651444,2.1182581436952352,0.003936013918778441
20.0,0.4722424868514762,1.9948053190011397,0.07169813736849168
20.0,0.6195257697972312,1.8143060437516747,0.0717606598396961
20.0,0.5413779180466977,2.1257656509705893,0.054634591101646604
20.0,0.5411951867126701,1.788238272314098,0.057907717375547715
20.0,0.6175264871563405,1.7904071202568774,0.1848567196026896
20.0,0.5439903152557605,1.8196987723152247,0.1392971295569072
20.0,0.9665943068532322,1.6484322149554318,0.05225765538717125
20.0,0.6024455646996653,1.8213078394874556,0.09418380738659018
20.0,0.8801984436012169,1.5578237507064678,0.16905990569225807
20.0,0.8352276983115436,1.9177802601118776,0.10838758563695865
20.0,0.666411598285609,1.857523505070314,0.01974650522825922
20.0,0.534293957194605,1.8503572875352539,0.12661714171461236
20.0,0.8079603597774397,1.6954873286758874,0.10580939079416615
20.0,0.725255321207802,1.8421283366540098,0.07137681689527442
20.0,0.5555244455428929,1.91048098876232,0.08642132786127561
20.0,0.7092167023948325,1.4923071125046814,0.20424127671991826
20.0,0.8458930935168236,1.5537019118052293,0.16397017030470584
20.0,0.7027286594637548,2.053346061777361,0.07017271621566801
20.0,0.5243655037099411,1.8190885842454985,0.19533598020745452
20.0,0.5829345729593444,1.905168768998293,0.06244739102624707
20.0,0.7809663490236599,1.7651141919925548,0.10004710921322894
20.0,0.7301176422105508,1.6500493719850697,0.07487600089527746
20.0,0.5792749681470493,1.8727383089766605,0.0629659700672214
20.0,0.8191083554872032,1.7620882671942433,0.012722212997668217
20.0,0.5691385150341113,1.783306870873887,0.08175674633463212
20.0,0.3804134239035056,1.9934151601189396,0.02040018586737765
20.0,0.7916182505152402,1.7186062005197877,0.026342192724528198
20.0,0.5552040190224415,2.0851656670821668,0.12346077447003673
20.0,0.5816573683756949,2.0140991839708406,0.014084074864653835
20.0,0.7047223237643105,1.9255390676435022,0.18910543047522144
20.0,0.45442636691670785,2.211160898869227,0.06173576890622761
20.0,0.6296621882789475,1.859787860810385,0.02521141062242774
20.0,0.6023803157147269,2.1363783683554978,0.029021090423174585
20.0,0.5931433927290006,1.8396461749702928,0.14801885451569252
20.0,0.3333053891844412,1.9792251385046067,0.0743511131448469
20.0,0.5870450262035203,1.8117029287966115,0.0
20.0,0.8700414722016421,1.6649419262760004,0.0
20.0,0.5557349226226013,2.07535153044555,0.14819849611134245
20.0,0.5181076159656756,2.1659494754423445,0.11009776286453049
20.0,0.4117117051557735,1.9811900539616614,0.01789731923239357
20.0,0.5331472229005834,1.8494604219917097,0.07039238590349381
20.0,0.6897065823504511,1.7050983974580973,0.13176850742959373
20.0,0.5604848139717697,1.7818065930053741,0.16335314629812397
20.0,0.7135351375635792,1.9449433526637536,0.10027256673909543
20.0,0.8996853380083719,1.360824842273682,0.20631171007502397
20.0,0.3851618232347793,1.6784356098525293,0.21349622170766805
20.0,0.5163303267557129,2.0512073803831052,0.05507584785567117
20.0,0.4645684584650271,2.076271361857239,0.0
20.0,0.528493086917117,1.8524091228655184,0.15355912933786872
20.0,0.6458918347897683,1.7523117778984354,0.006403050001142441
20.0,0.3886836802733295,1.94982187873314,0.0
20.0,0.6178784788750967,1.8457344573858845,0.0508183411298208
20.0,0.7971936497441717,1.8931681098832867,0.14705335287181998
20.0,0.6193189193656505,1.6812049401158415,0.1225267370021607
20.0,0.5773374555273647,1.8974287250003254,0.0
20.0,0.4224912826101832,1.8717825564252137,0.22623323635685155
20.0,0.8237922930647867,1.8346988914441098,0.0
20.0,0.5174954418216051,1.9574449951054258,0.08827918051846488
20.0,0.6337233847743671,1.5785751679520565,0.19206159322034827
20.0,0.19646092285729366,1.8097256306379703,0.25118926032764677
20.0,0.5861639482372569,1.9849469984298134,0.0
20.0,0.6652803509946453,1.7433299019342252,0.10324676382056193
20.0,0.3609307665481425,2.1641283509172506,0.015157084397506286
20.0,0.8117334765290902,1.587603077534236,0.11805813009385495
20.0,0.4850751443636707,1.970593480881617,0.0
20.0,0.5337611569240249,1.8185899514046455,0.017538793028704043
20.0,0.7512164549862653,1.8593764847724275,0.1146018329749043
20.0,0.7852167741931518,1.8552316727281626,0.18375076586772365
20.0,0.8906850601906608,1.4328489649336915,0.020560530654000417
20.0,0.5977169304629704,1.6684111076140085,0.03459689934095845
20.0,0.7449962188406485,1.794021395705935,0.036014644379138774
20.0,0.567260842321446,1.6393444316366026,0.042958507767162
20.0,0.6271572842256542,1.9509884548750909,0.2443770176879308
20.0,0.617365188687709,1.923640656403505,0.02523848716158372
20.0,0.6084001175839587,1.7454878268273146,0.052892473871117535
20.0,0.5293735717017117,1.737757372662802,0.22837672327233782
20.0,0.7331694048550669,1.7107347663801846,0.1411296012064519
20.0,0.7240305963793607,1.6987555873556046,0.015918708735791886
20.0,0.5277410303587586,1.994529621240993,0.005594995182120412
20.0,0.7729281936579437,1.7455374153646575,0.0667213842596672
20.0,0.5726034296815952,1.771497288824678,0.21256786260004265
20.0,0.5875112945710903,1.7686782945470885,0.0
20.0,0.5371240143595023,1.854355558407546,0.0
20.0,0.7333057626257444,1.6412451220943023,0.11649889862245559
20.0,0.7746304570781116,1.812227423894708,0.03775125935793821
20.0,0.4878524434487302,1.7163550703483355,0.08815387187501063
20.0,0.5030150757097275,1.5983727278577706,0.2704839882244383
20.0,0.7169772085758296,1.7285740863734382,0.04045219521397479
20.0,0.6775021932204034,1.6184775983393298,0.2726148209443153
20.0,0.7993407773393743,1.7391639558825123,0.09328559598997262
20.0,0.4899658439798754,2.0521012373842233,0.052633475549764844
30.0,0.4347985842529677,2.0815110733880062,0.0330856859450917
30.0,0.5452047058838757,2.0645262265414512,0.06796547408144303
30.0,0.4246500013515657,2.0417864832419435,0.13356371290702856
30.0,0.10372467343279787,0.3320346218364722,1.4969028135861042
30.0,0.2590281343152815,2.069226848247099,0.0
30.0,0.6414510855562248,2.0334325979618786,0.11873567294212138
30.0,0.4674142263835686,1.9945041911333536,0.005635611405358551
30.0,0.6579873908259362,1.6785269647105163,0.010790435188881375
30.0,0.5125506562736107,1.9607736778801155,0.02515883041595021
30.0,0.7318506484176409,1.9269441737702184,0.07296714802882713
30.0,0.3735993299727361,1.9835588408742861,0.09532517210228054
30.0,0.5342019967490712,1.8639531431470664,0.1774262055672761
30.0,0.4901218095151189,1.8106423813020402,0.3234883002068263
30.0,0.6922365537348619,1.9075120998205894,0.0
30.0,0.3310214691327309,1.9794203151556877,0.0
30.0,0.39865128410000883,2.150907030076535,0.15959960322914732
30.0,0.4174988545715344,1.9507255410157678,0.09757480159807996
30.0,0.5223795452522485,2.197523873501772,0.0
30.0,0.3138811100665301,1.8924824458908205,0.0
30.0,0.41218682086998987,1.9608961000619456,0.011716293980553703
30.0,0.6416941057699785,2.0325056823525487,0.09650851252045808
30.0,0.4772132595451699,1.9869835606353066,0.08016138208902968
30.0,0.46997836142363186,1.7072121374850686,0.21469150674799628
30.0,0.13674723958078483,0.1699870634166513,1.4533656734976954
30.0,0.5171712068746079,1.7756264054262652,0.14184029360287242
30.0,0.29205806838014275,2.102975917825161,0.16209795918676487
30.0,0.722883610591235,1.9471278958932685,0.23494777344893594
30.0,0.47149566544994265,2.164405080577849,0.0
30.0,0.3503815077271905,1.9359239512123119,0.1736942989731946
30.0,0.45854642663200634,2.0323145014194717,0.09448968705677811
30.0,0.5752778073167139,1.9338845635818762,0.0862079243211848
30.0,0.22033413733657659,2.2086923147893684,0.12482906966047952
30.0,0.3796278987510697,0.4682769284822088,0.9535262800550007
30.0,0.46417168561120586,2.0750472460794454,0.008392315007133819
30.0,0.5872709787212582,1.564818500490597,0.19369156747914854
30.0,0.48096652767345477,1.9370304782131271,0.0
30.0,0.4528370289288302,2.0562795181801734,0.07584738702170468
30.0,0.5945169593073195,1.9285266125372036,0.013761659605636477
30.0,0.289109604602282,2.274678437071366,0.019508415562236432
30.0,0.49821881281707386,1.9644416365528268,0.0422123637777449
30.0,0.6255592037840736,1.8088643859671418,0.208255703795053
30.0,0.41210734214036365,1.9208644965105683,0.0
30.0,0.35959773558345787,1.816105213262023,0.15442383998387277
30.0,0.40409780911930543,2.1232154171699262,0.0
30.0,0.5287514750019259,1.9578356789162519,0.21283777306390805
30.0,0.47588897475656405,1.8536627630624416,0.12905372619822428
30.0,0.5546979021438762,1.9477998427362575,0.1866608671946789
30.0,0.4079768372291544,1.962866465982346,0.13485130333194068
30.0,0.6217962713197949,1.774188984936359,0.20642585978577244
30.0,0.520140250580884,2.0347227009119875,0.06476500299771766
30.0,0.29407529788305364,2.2819280782652434,0.0242294461392308
30.0,0.44183385173639983,1.4967669285473573,0.5480336664619212
30.0,0.40950511529742784,1.720689879255279,0.17857126307540952
30.0,0.5779002778529514,2.0596563789293896,0.08255208048482204
30.0,0.23657505429554848,2.0464901820423544,0.0900836047347654
30.0,0.5136782576736733,2.088424239352701,0.0
30.0,0.6650421883289623,1.8302028502930927,0.0466090461128183
30.0,0.4370209900575894,1.9608951447337761,0.0
30.0,0.2980626154724832,2.1553589752628777,0.0016334767781109004
30.0,0.4625936340270308,2.054749149222838,0.0
30.0,0.4328720749834678,1.7545379739205031,0.3767570248619753
30.0,0.4018825053216622,1.6645093676445932,0.20174188145841868
30.0,0.5870527310894715,1.7520734611909907,0.0
30.0,0.47886147227793996,2.0602049543708896,0.12296208643137398
30.0,0.2823612770126213,2.1646442022024313,0.02919501377786385
30.0,0.5058248012877373,1.9569034747862963,0.07288977080785843
30.0,0.5408191273163776,1.9796036093756337,0.07101163127724064
30.0,0.3369703292007595,1.6263648779981827,0.44820558941842115
30.0,0.4655282203930107,2.129449820069151,0.20752281547964277
30.0,0.6448486963450982,2.0735120092477697,0.07702891191354987
30.0,0.49930867234554166,2.0511208547292203,0.03625779087431017
30.0,0.7245731949356343,1.82429693799172,0.1215631054928196
30.0,0.33211853832326244,2.0172826067434966,0.05424602905522785
30.0,0.4421318843990309,2.052145548114807,0.0
30.0,0.5669652686164018,1.9298823772155207,0.0
30.0,0.40206669528079886,2.070830410403994,0.0
30.0,0.3798074924975416,1.9569709259924821,0.10540504517809964
30.0,0.4681408396507103,1.9364207899344683,0.0
30.0,0.48541869559118456,2.0491571255189363,0.19214165582559486
30.0,0.37872314638255755,2.135059372071985,0.0
30.0,0.5268962101927426,1.9202902742031123,0.038061605174614065
30.0,0.33130941291761246,1.718197760088861,0.07400495678034118
30.0,0.6081782001933514,1.9419281898261214,0.0
30.0,0.50018465197622,2.04079107501585,0.055761881714312914
30.0,0.34333927225046007,2.201635917356396,0.05075019120186579
30.0,0.354308040059954,2.2053026464417083,0.08638123198446723
30.0,0.03840082403945,0.07537081256766262,2.012011205549882
30.0,0.07353322451170473,0.12274873494105125,2.0068074461448453
30.0,0.0,0.0,2.0029270435560353
30.0,0.01194936361695995,0.0,2.0227102016984997
30.0,0.0,0.06701451953069315,2.082125226163996
30.0,0.0,0.08853948358116509,1.9873154202333347
30.0,0.05057658669068908,0.02595340528310295,1.9447642312422266
30.0,0.03866896292052474,0.20047545076445855,2.0754364032738937
30.0,0.06856493609813448,0.0,2.0896274936431434
30.0,0.15200905730774977,0.052271496977619035,2.010565990448221
30.0,0.04981068824988774,0.04565464892800854,1.9837882620840133
30.0,0.0,0.0931051164436549,2.037815617278541
30.0,0.10887043107558612,0.028255572159718922,2.094137258189211
30.0,0.0408645660446492,0.08374848458206623,2.0517305977890907
30.0,0.0597173124830553,0.14956958574329446,2.054181475181024
30.0,0.02335258730666234,0.07106549079605211,1.9696545789507516
30.0,0.07378884674371408,0.11874499489909911,2.0316437259243667
30.0,0.036737751531805765,0.06704126669966104,2.0432900595433585
30.0,0.0,0.030727638652161136,1.8491855300722946
30.0,0.10543691312974224,0.10139504943083275,2.063166198108658
30.0,0.07407346548712068,0.051718178382519,1.9485975761313237
30.0,0.05224663693814006,0.11827400182905658,1.929435901787053
30.0,0.046522686835289775,0.12697569108514284,2.0042683361584808
30.0,0.03109301931722215,0.1531772132032852,1.9519681606488548
30.0,0.08598365714776458,0.048907729075048936,2.025248644136691
30.0,0.07329743156058888,0.011790793124751547,2.016885307945792
30.0,0.13502173053792488,0.04288713766594861,2.036001515211128
30.0,0.06314346480760293,0.11106796144766831,2.1113305677957097
30.0,0.10325194003376555,0.026898154874227365,2.0156169420423797
30.0,0.037909614943193906,0.05113493932779246,1.8907837178581297
30.0,0.014904725266175029,0.1905789258718583,1.9434466216752173
30.0,0.03350834682816419,0.10014790237762998,2.0302843163230273
30.0,0.14996760987611035,0.05280256026950304,1.9479994157786338
30.0,0.006702675136170238,0.06121098864317316,1.8284405388579665
30.0,0.04028462420304611,0.06308758520546982,1.9208364561148583
30.0,0.07719952174768492,0.16727556808686656,1.9734526058837516
30.0,0.07584759994440048,0.04540253952736623,1.8868799749875047
30.0,0.017619879376277285,0.13208985454608638,2.0034654519415462
30.0,0.07764081665939224,0.018232341621606432,2.120517498961351
30.0,0.09076922157053255,0.11657392674788208,2.2288079743813056
30.0,0.004450148556368445,0.139765032051855,1.9734139786566014
30.0,0.04568027875783462,0.12114484949494177,2.1270535370334662
30.0,0.0,0.15578568811167404,1.9677802818468848
30.0,0.09981049188785818,0.013117497296874362,2.0010687789307022
30.0,0.03610158507077894,0.07290384263446822,2.0096011695562
30.0,0.10832888237951664,0.15807093424111535,2.013722520785536
30.0,0.03792094938004554,0.06697269933105587,2.068415591674671
30.0,0.007559988783465173,0.1688553314184053,2.0190922429658023
30.0,0.0,0.15477268681218373,2.0484413082064523
30.0,0.13068404025707897,0.06623346917770005,1.8972576133915022
30.0,0.050617832847334086,0.04911012472842618,1.9364800809856586
30.0,0.08589814950067058,0.10164812384849173,1.900194193530449
30.0,0.13748031116913179,0.06776615433147924,2.0571973511799473
30.0,0.0,0.0,1.9340594105980637
30.0,0.09201396368110105,0.05473966894848174,2.0660525556036125
30.0,0.06840895695796541,0.1152990251889498,1.9992811786922298
30.0,0.07071250325802388,0.0,2.1083813999675485
30.0,0.1323025137341949,0.14592405019955867,2.073173033440571
30.0,0.0,0.1349138635272476,1.963211189493696
30.0,0.025158938379899264,0.19040518478281626,2.095935056842518
30.0,0.039343820116636535,0.12859015013499567,1.9116540593143017
30.0,0.06552718941604227,0.004705168830256339,1.9225462384308176
30.0,0.05212793098883986,0.03717151922003718,2.0144539158607913
30.0,0.0,0.07184228449972749,2.0209650612740084
30.0,0.12176260456481383,0.08177711399928825,2.0366547622084297
30.0,0.0,0.022077068657297305,1.9801427900532746
30.0,0.09792841151185841,0.06066025522939635,1.9879368877234924
30.0,0.053409853753025274,0.1635685586840473,1.8550288445989116
30.0,0.20187002637893914,0.04921060996411596,1.9793937657114686
30.0,0.028026124148064047,0.11885414264392716,1.9521959286859552
30.0,0.11905515018718911,0.02909476484819563,1.8579823833592861
30.0,0.07634582869015775,0.07931900428282626,1.9596704375669085
30.0,0.0899981436636324,0.15927721257592536,2.0634717698149427
30.0,0.043995826266879215,0.0836033609453354,1.9410122380523183
30.0,0.03177913446864399,0.00782085761886588,2.049511464785183
30.0,0.06714055431803552,0.09118244507576058,1.9641132296806794
30.0,0.13717705460436047,0.06153094522084999,2.09697744180776
30.0,0.1268437690586262,0.022442836876114463,1.8847808856833814
30.0,0.1005385227977158,0.10526474430270756,2.118739244313304
30.0,0.01774124316162791,0.08133134067225793,2.0826379540765565
30.0,0.07463666890329171,0.019577176579333874,1.946848663852282
30.0,0.06867139609077094,0.113381505877052,2.1025256294513857
30.0,0.0845797448409086,0.025720511253384204,1.9931087322332601
30.0,0.04735275244163333,0.16833059162688524,1.9223715958526173
30.0,0.12916150751071231,0.0,1.9462987420606164
30.0,0.09835749223965166,0.14919210448222386,2.07641378758502
30.0,0.0947035543716632,0.09343220308836547,2.013756899489533
30.0,0.1260780475841174,0.10296828112600673,2.0101338841067293
30.0,0.01088596273645325,0.07742225885536091,1.9705807808877285
30.0,0.06384238873173412,0.009236581789218608,2.0487393828147846
30.0,0.10667700196694047,0.1445468245736209,1.8658729527595328
30.0,0.0877970454643539,0.08095691714414827,2.039913923885405
30.0,0.13976290759425977,0.0018966380457426566,2.040170098626892
30.0,0.049525371129614984,0.09313291283095308,2.0754115032041
30.0,0.026553573671345285,0.0,2.090828223796921
30.0,0.07046037437876122,0.0,1.966886959999944
30.0,0.021893940108646585,0.02747177101686771,1.9696718160978166
30.0,0.09343692137966345,0.06014556771574854,2.074002601205142
30.0,0.17650884186940988,0.006475080424405123,1.9426813658668776
30.0,0.05632975005281209,0.022420453382171305,1.9575293509687628
30.0,0.0906128361864013,0.011179597513128477,1.9702165514752428
30.0,0.022926672752859818,0.0951096127235047,1.8993983523405553
30.0,0.07564532430694786,0.058654947964888994,1.9459755038580466
30.0,0.02010904836917402,0.0,1.957950684193353
30.0,0.07380832242331607,0.10121629443544203,1.953597451496324
30.0,0.0,0.039670300777867484,1.947158108299355
30.0,0.014468809558741282,0.06864403868629704,1.9863024042759225
30.0,0.13766250112732614,0.0,2.070080946691025
30.0,0.01945946919450353,0.059314507342726426,1.9667137187824506
30.0,0.0,0.0015404843703205797,2.0288999504646688
30.0,0.035019174917876414,0.16656878785500923,2.0531872913070406
30.0,0.15205846261532238,0.014246850284675315,2.06288695267685
30.0,0.023379351044119513,0.07264391354781134,2.1479892372719775
30.0,0.049694299494946775,0.1569476351320487,2.0313841151791117
30.0,0.046492002259316975,0.0366813369926583,1.9757308401198452
30.0,0.014444364842032969,0.06760212873499263,2.0541628181155147
30.0,0.1201392556224675,0.10620996003666655,2.0644285569717695
30.0,0.05659235322588987,0.0,2.0777413244413956
30.0,0.14117198521516552,0.04570043526158996,1.9591342715784477
30.0,0.04476982257861352,0.001932798825339914,1.8826145940395331
30.0,0.08557569309611888,0.10291036433990745,2.0282178682493175
30.0,0.14930592109900906,0.07624211970373794,1.9412800827390109
30.0,0.05156397100259174,0.0,1.9867694774885034
30.0,0.07112622719794703,0.06820810874582492,2.0808796847597404
30.0,0.06701678794167745,0.03402109917373099,2.0252069147987286
30.0,0.03580209038466076,0.03093500348743261,2.0642240180347895
30.0,0.04473616439422662,0.05018112096687426,1.9256124824623408
30.0,0.06091793356567503,0.03596010321643421,1.9324639947332223
30.0,0.07032289107859242,0.07747069486808802,2.020165761124551
30.0,0.037025302631544674,0.08144685708756319,2.0105183362496857
30.0,0.022403416084646043,0.06127726644962299,2.0442385529162386
30.0,0.0021646441293716873,0.009162617399684131,2.042733998473268
30.0,0.04321928589268734,0.0860475911266691,1.985740446083047
30.0,0.0,0.08738954100891774,2.0562149383876833
30.0,0.12712065652252727,0.11389902448898007,2.094003986643357
30.0,0.0643299539667353,0.018161939349104844,1.9530754753801645
30.0,0.08286988642247729,0.04797766965836402,2.072173006840548
30.0,0.04037351568839387,0.06309166592215254,1.963093187660402
30.0,0.0505204722723489,0.2130939010225893,2.1018719084797906
30.0,0.022421968027774297,0.13746106968823782,1.9908786742357758
30.0,0.13760337891077207,0.05607005830162372,2.0735854618258083
30.0,0.03948319281635789,0.0,1.9804042838496152
30.0,0.09621814072065012,0.16723423900764608,2.0061396927294886
30.0,0.0,0.056647994932536014,2.0498190521985302
30.0,0.0,0.017699933145337268,1.946109431233261
30.0,0.06777582774552741,0.018169690816685548,2.0736888698600757
30.0,0.0,0.10379750289233489,1.984627163338353
30.0,0.07887618261619361,0.09090955840865993,2.036967675660763
30.0,0.06684593953215338,0.04803796893858014,2.113038684493111
30.0,0.03923956988420198,0.08630754280479092,2.016053865744226
30.0,0.08364752018048606,0.05595141275689537,1.9697020114078336
30.0,0.10723989808733664,0.022179667506820006,1.964398012886304
30.0,0.06664149492447843,0.04272476422311987,2.0681904888733307
30.0,0.1065549600345144,0.0408138754212185,2.1607264929488466
30.0,0.07782661896707581,0.08837237162798851,1.9361055691242233
30.0,0.15586798263680568,0.07510883409088087,2.023441855548246
30.0,0.18863331333005168,0.07859141421383353,2.0033928627532704
30.0,0.044045014344429596,0.025164665310576314,2.1309086971698536
30.0,0.17261193720826484,0.03528043567306477,1.9414337622509013
30.0,0.14321496323667493,0.15894716049186186,2.0357977267953795
30.0,0.08720660061408778,0.15953906878096344,1.8894135798893381
30.0,0.19151035915092093,0.14301046020737462,2.0033733880768856
30.0,0.11351951712065704,0.059620918421126004,2.0054181663206796
30.0,0.08166851753080967,0.00922672535830195,1.9340921702005718
30.0,0.05258437632096892,0.09976560544696701,2.029489211566821
30.0,0.0863377845687747,0.06642343803630779,1.94915324337783
30.0,0.0610528965523833,0.12282296953421781,1.9444746751679605
30.0,0.06878419926426363,0.014904178784174812,2.0557491021541323
30.0,0.08092105892786883,0.03259118438128253,1.8756366659419643
30.0,0.04328196495597462,0.05953489715127903,1.8864030421170959
30.0,0.07369378701835931,0.027257047971224906,2.0976017419926003
30.0,0.13820564787310596,0.06019121549153246,1.9747239511738146
30.0,0.13041859335884445,0.0527361157557933,2.029164894180987
30.0,0.0077715535898655735,0.09731889535101082,1.9699711584261788
30.0,0.08636232735683924,0.006949783842983517,2.022638185854235
30.0,0.016732342019245956,0.023779733449547133,1.9311399974189722
30.0,0.14986943553436272,0.021883914393749662,1.941500601748221
30.0,0.02758794071879691,0.1342391749942463,1.9514690499865428
30.0,0.0,0.017117103973955203,1.9972074170719736
30.0,0.11188044525744344,0.07412489746758887,1.9641837166323064
30.0,0.0,0.07804345380125498,2.012091291373012
30.0,0.12539768094805986,0.07317951244730102,2.03844094276354
30.0,0.050811444155920864,0.12747053179952142,1.7933261737115023
30.0,0.011444211639359901,0.010548873754938438,1.8814973536672734
30.0,0.16135078622054386,0.09277368677937897,1.8516079896276898
30.0,0.05591561444605358,0.10196391920997924,2.0676730096580616
30.0,0.11116548935289053,0.11455722764293838,2.1643570055685273
30.0,0.1170301053360221,0.010354302090662251,1.9740349202197638
30.0,0.09996539673472943,0.129481070769332,2.0296777337075644
30.0,0.14425080803634555,0.1712420310637914,1.985725064468603
30.0,0.036921812095294576,0.131782145066221,2.0539600061298775
30.0,0.12424217051835444,0.11030846031080747,1.9333228973757315
30.0,0.06360698383301629,0.14885889021209406,1.9781588628403737
30.0,0.10039440163851904,0.14482950554870425,2.0050435275544474
30.0,0.06270186419425171,0.02321124003025421,1.9914711240018566
30.0,0.02497135925695068,0.08528177939420908,1.8723141897403348
30.0,0.056695424802385846,0.022426404068356935,2.004121754797512
30.0,0.047585443584578585,0.11378178998206115,2.065799097489137
30.0,0.3855401176135441,2.2932442942804383,0.10606732454888315
30.0,0.475652235404049,2.1854150371817544,0.05510508636158397
30.0,0.2633599450777832,2.0854749445879324,0.0543466749308113
30.0,0.41869029269358793,2.0793215786575265,0.005257738812898051
30.0,0.586055756286264,1.8864221841911921,0.0
30.0,0.30042463951913073,2.2134520248305596,0.18244881226360193
30.0,0.25278442932474776,0.21061294094179153,1.3918319683135485
30.0,0.05382225754275369,0.0434686232656341,2.0050274481850003
30.0,0.3662463428781016,1.6287077246821031,0.3092635508396713
30.0,0.33463304265346294,2.100164501633085,0.0
30.0,0.465473112320662,1.9386497201520883,0.01364812571373727
30.0,0.37753258500243947,2.0466541737084945,0.0
30.0,0.4791224212177544,1.960197683208994,0.11343368897545086
30.0,0.3167339866763407,2.0408812508474066,0.08772285693563948
30.0,0.4623236950743886,1.7812498074954908,0.11351680770438384
30.0,0.4957873791375075,2.0150572332374255,0.09039418388757514
30.0,0.5213305385098852,1.727168472772409,0.13821724662022283
30.0,0.35866381810581577,2.1550274681398025,0.045804348732098696
30.0,0.3207082651938201,1.824537512063795,0.17572574653178047
30.0,0.2683813021345792,2.009012995455626,0.07732140240384673
30.0,0.3913858322685799,2.1854922331347515,0.09763698743794513
30.0,0.44746824708455896,2.104953349023294,0.014697956502916078
30.0,0.04010469336147809,0.09875865222699817,2.0346166270216406
30.0,0.5864546144570315,1.821424245539607,0.09211410676931936
30.0,0.5683382233491757,2.120629354196769,0.06383511357213432
30.0,0.5293794327411265,2.327710516605982,0.03667980666257746
30.0,0.6287369079620097,1.8179527824996224,0.02412733823165257
30.0,0.10041299433817112,0.17580681014834693,1.913111103837588
30.0,0.3718214563455174,1.7743278338214468,0.23280649681925006
30.0,0.5156824918290037,1.9511376381881116,0.12700294302259893
30.0,0.4887132241389639,2.222816478013205,0.15499504268851058
30.0,0.5365360152899039,1.9964209160423756,0.0658963995815519
30.0,0.05568411341116184,0.16897359559347605,2.0421818628361965
30.0,0.34207390687465683,1.4221993200502774,0.20074127921798973
30.0,0.5452960392651613,2.0580990418614253,0.06318649354028669
30.0,0.4592426055524053,2.0207431330472763,0.06215175075508344
30.0,0.39566890342344463,1.8337616724901356,0.14058462132926447
30.0,0.5052298528840259,1.8047077379943466,0.08722435766699002
30.0,0.6991569407404962,1.961311588718259,0.09042180280431156
30.0,0.44141394299643605,1.9419434448753632,0.015679841745212697
30.0,0.5351193327031567,1.8846846984825976,0.13137289234109512
30.0,0.29900966530336,0.31798605762671905,1.0942812397218877
30.0,0.3219811415572351,1.973722570636088,0.0028392829196958844
30.0,0.4400665912714162,1.9999556709677855,0.0
30.0,0.37419524829964407,2.055074340630701,0.10037251590807586
30.0,0.6398033988972041,1.8083979046085474,0.15915362226619423
30.0,0.5567405028558797,2.2198810560735165,0.0
30.0,0.5372419158001038,1.8400282472982101,0.023199451362098052
30.0,0.3808021325651388,2.16437419167936,0.0
30.0,0.43050562811240944,1.8849423096358093,0.09473797764409077
30.0,0.5478405496540315,1.7746450406711487,0.47799712358257734
30.0,0.6168423414077808,1.702023722319948,0.0
30.0,0.5886286997671186,2.0246541740211663,0.1703851229154669
30.0,0.5055681106866627,2.0190865132799973,0.24190521852624947
30.0,0.34239663785148644,2.064868513056411,0.0
30.0,0.44321710572993744,1.945391963936691,0.059083568772941415
30.0,0.6410956184261964,2.11920211267603,0.16500524187712748
30.0,0.3698186451790672,2.073027565060227,0.20110452518778862
30.0,0.41479831479474333,1.9291302462531874,0.1580924312578872
30.0,0.3946674510745665,2.0295007885148326,0.05633059948252894
30.0,0.3182972622747621,1.6789115013529188,0.43138783690307236
30.0,0.3395346965076239,2.022097099346115,0.0
30.0,0.4908160111231341,1.917821096808642,0.20115953820371235
30.0,0.4258482898825043,1.9546826732287514,0.32897047409193075
30.0,0.4922135973238357,2.0821810491927617,0.10213470458603162
30.0,0.46025286229166174,2.1847030867927324,0.0185112817572995
30.0,0.64441814562967,1.9956162914919535,0.04796730112149199
30.0,0.3287441363151019,1.848193215326354,0.036191035636874556
30.0,0.2530553312808636,2.2127443712538497,0.1381805885557702
30.0,0.501139162214097,2.042362234576335,0.07732852291605001
30.0,0.38957286779733546,1.9487053215530354,0.2030519741443818
30.0,0.5827969170194478,2.0998396083171706,0.0
30.0,0.39830481672581647,2.1685904827188094,0.09211608039192008
30.0,0.5612167242143491,2.094637906732769,0.021198097382753862
30.0,0.6088965806006938,1.8452725468894997,0.15173146700940843
30.0,0.6842235244751177,2.0253021917715226,0.11427141501726289
30.0,0.2809219812919846,2.215861120250593,0.010996036033425556
30.0,0.6457564283550874,1.965325063905801,0.10554797698740669
30.0,0.40986369888697677,2.0727706960891514,0.042008884238547234
30.0,0.354722437128126,1.9366742741379999,0.20095268634607605
30.0,0.4126547402988994,2.054406271824378,0.11939157399833857
30.0,0.4347638256107023,1.9060884553129263,0.04499347188779604
30.0,0.4680918852261911,2.1286739392918728,0.0
30.0,0.5166972551226637,1.9145294919515412,0.036698980646298424
30.0,0.7214170534694415,1.7733076112770378,0.007200212851829844
30.0,0.414128895159523,2.1694879248736623,0.04787811494529078
30.0,0.40351369212356086,1.7873034940009631,0.09947086080359632
30.0,0.48027703087475254,2.036073325738296,0.0
30.0,0.3686233170516333,1.946147491163841,0.01515218173718341
30.0,0.49755922583689577,1.9652755837521045,0.020457080504389547
30.0,0.4556765803101814,1.967496754156843,0.057850733927612495
30.0,0.641939793691883,1.9134262424094886,0.03937779323145528
30.0,0.4914162889978152,2.074959449778372,0.011736829707527483
30.0,0.43200727501475317,2.190363288629314,0.03151530271952532
30.0,0.4214078004925142,2.1522157197671747,0.0
30.0,0.56216808331443,1.8946218720184698,0.06764416278874957
30.0,0.39855520680223666,2.0429599496254296,0.12567563269744414
30.0,0.6059256648171011,2.102477652711879,0.023983963597325058
30.0,0.395043954587134,0.994214470909138,0.8755161324782672
30.0,0.2822804443737003,1.9329302821779772,0.1612640635030578
30.0,0.6103076219048881,1.8823209923901565,0.12934802636156761
30.0,0.3215047265800002,2.118996928720363,0.07785073968342365
30.0,0.551501037933082,1.9701379273147444,0.0
30.0,0.3917350285555679,2.206374235042108,0.027966871864829455
30.0,0.5512804944761724,2.0155842671873696,0.032961054684432126
30.0,0.5891442577478797,1.884917763297296,0.05509898675618535
30.0,0.73063480568506,1.890197500947931,0.0013983568803982108
30.0,0.6904643737906366,2.0016991259764225,0.0
30.0,0.39384125590397456,1.6803583539808098,0.3051602431551408
30.0,0.26584922545865375,1.9647514345987767,0.0797469752013059
30.0,0.2797825197259928,2.1806918964090847,0.0590593190262089
30.0,0.317277000868923,2.0773361814922215,0.0
30.0,0.560614147875285,2.0048481078857305,0.07680750700590082
30.0,0.4505930874233559,1.732998811180416,0.20606409320661648
30.0,0.497410721904901,1.8271869830758292,0.21568919780628426
30.0,0.244394054880985,1.8445158670861095,0.0
30.0,0.5247022071556559,1.7845667970465617,0.017985387142814543
30.0,0.5785790912734899,2.1802347155352373,0.15522811941988215
30.0,0.7426188747249245,1.7469202810769429,0.05258951722378359
30.0,0.34322593762771203,1.9587943506248389,0.10787047322105696
30.0,0.49038994553623466,2.184732357404047,0.019099139584939553
30.0,0.3515508933894657,1.8528621746381349,0.0
30.0,0.2903888855901122,2.135569671018491,0.1981416729443682
30.0,0.3987338074489206,1.8997591200695705,0.13309648156377873
30.0,0.7362060009225856,1.583822233557163,0.0
30.0,0.6066744121425561,1.8159699189612248,0.18120583439811666
30.0,0.6639043837373365,1.9520685632098538,0.16141717140059667
30.0,0.5232694507325041,1.841644368141755,0.00042089270461656965
30.0,0.5898340092873111,2.0434412065270635,0.010664377744947278
30.0,0.6102786355807469,2.0830006508724406,0.15761379888719645
30.0,0.5920030425247151,2.1023658508214433,0.06913696460309769
30.0,0.5983495172746907,1.8764378811973972,0.10144135519735137
30.0,0.6262636364080538,1.7804278765224955,0.09623575360173223
30.0,0.5350336875173404,1.6782675231440447,0.30486603546695407
30.0,0.3840967533686297,2.28138535824499,0.15865703635369174
30.0,0.364239003474138,2.101119814567494,0.0
30.0,0.47950236414707675,1.8281936944238852,0.2640522318498911
30.0,0.4151173060768727,1.7154999440403536,0.03554431905359286
30.0,0.5360871168117703,2.0174082543663214,0.10053103355530216
30.0,0.342855856677474,2.1589404396274854,0.16848714259266434
30.0,0.38155465131372734,1.8110994239334095,0.0850945018588313
30.0,0.5177443934491139,1.7121434112951466,0.0
30.0,0.3342180556546496,2.1159918813522607,0.07956257120641952
30.0,0.5680178624476906,1.722141553769096,0.0990200879004132
30.0,0.4881358205006232,2.0788721474577803,0.031047397395715107
30.0,0.4535031025566498,1.6950702843370349,0.10980799605533623
30.0,0.1839570543360088,2.081444680596074,0.10166601807676037
30.0,0.3902239811217784,1.9045762099752135,0.0856380316983302
30.0,0.3635160634090794,1.8620531895856474,0.13340241797840813
30.0,0.5014435381656064,2.1023971028699675,0.08042031282140409
30.0,0.5934482864525193,1.755453656576266,0.13584856206414925
30.0,0.30904628744800017,2.0017804089699482,0.0
30.0,0.2867547808612366,2.0721760588247573,0.0
30.0,0.3290190577239239,1.9810584912966978,0.1454055086068325
30.0,0.4710422562143946,1.8293865608404467,0.06499271507788751
30.0,0.6633412892770737,1.6294390271587775,0.3248840539929123
30.0,0.3857262091449578,1.9364572917707705,0.08512111799255684
30.0,0.5800586264673853,1.8808463369526005,0.015557539109153246
30.0,0.5052430882961917,2.157544162297776,0.09589973597005821
30.0,0.7469359823779603,1.9506238793759245,0.022819406702017285
30.0,0.35867742886554255,2.0331550610588325,0.02767027520056399
30.0,0.3808147945591292,2.2735351699765083,0.07241089611890769
30.0,0.2692244266230149,1.8742532675406824,0.08106362735576916
30.0,0.38416468652027697,1.9603056092909672,0.013547090251309249
30.0,0.495126133744899,1.988043532502395,0.0
30.0,0.44815956699815673,2.1553597038360843,0.0
30.0,0.5903770454817214,2.1114031390429244,0.025914292893339547
30.0,0.530686224991867,2.0319559933744475,0.03904376479054918
30.0,0.4322281523646041,1.9757741811872813,0.09854353376900057
30.0,0.5576921434680815,1.9997323076719669,0.0026265659320582335
30.0,0.4024110910522374,1.917986110493967,0.20485348045640184
30.0,0.5387814105269694,1.8604309875070488,0.2459166045072438
30.0,0.28639206701361025,2.0829022838163307,0.13613528332643865
30.0,0.25013534010632726,2.04253873536574,0.11684068940030568
30.0,0.31284268883245553,2.0856727170336775,0.06105772154333616
30.0,0.3268526951368792,1.8759866301861903,0.22652704218574762
30.0,0.2504094193431088,2.1170684817113137,0.07504332497540671
30.0,0.486456999783165,2.0231958369225054,0.013723337877514992
30.0,0.38435144701606916,2.2836993735588305,0.027709724284742478
30.0,0.6391075273456144,1.87836897102599,0.015934572446928995
30.0,0.5194883068163625,1.9766455474849305,0.05740077143411819
30.0,0.38589260658809743,2.049821124486373,0.04026506544781264
30.0,0.4412052404729075,1.892361921057295,0.16474901762446448
30.0,0.19649169852243942,2.146692671290399,0.012452029983355418
30.0,0.4699514640951401,2.1001995048439945,0.0
30.0,0.29712896048896764,2.0169399918629907,0.06917235866915653
30.0,0.5848588006673509,2.1476848298496947,0.0009642052298044436
30.0,0.2959392928909334,2.15760063656676,0.12183466812868193
30.0,0.3501403657547417,2.1437799775248196,0.013165664305541551
30.0,0.4141506928258019,2.1228904430996485,0.08057708293158848
30.0,0.5194162555387736,1.7530231821160862,0.0
30.0,0.09220198188854573,0.582814217027851,1.0439135000912758
30.0,0.3224350231909535,1.9828192746925928,0.11336652873626743
30.0,0.5749286723544801,2.066049315912299,0.1017972602800883
30.0,0.33990726173305663,2.1326938676429963,0.0
30.0,0.3376753208666764,1.848777235845056,0.1739134350487263
30.0,0.46683728712416445,2.1237285111072013,0.12701377711025166
30.0,0.565092492336642,1.9080764855871246,0.07311969366466253
30.0,0.42704120205197943,1.991683301174152,0.02375843186216371
30.0,0.24731824499227836,2.060127341637185,0.02074186647185758
30.0,0.4596015966328635,2.0017072193897767,0.11797329996151987
30.0,0.23976329626820542,2.275137673554908,0.06229369312933109
30.0,0.5097502157498452,1.8975015039835421,0.056262257691164615
30.0,0.5940993112509968,1.8401880824346413,0.07032850035121997
30.0,0.4724522513033029,2.0945892211029222,0.0
30.0,0.43484889898360995,1.9734881236048416,0.0064348254369907265
30.0,0.5545846486143488,2.1336354262046773,0.12089378677987483
30.0,0.5566478263535151,1.9625242315470173,0.0
30.0,0.4576591533434965,2.1249891673843204,0.028336470558967052
30.0,0.5561779281475383,1.9278381262521145,0.06634783450301722
30.0,0.2692866391217652,2.078203128634861,0.0698974475856412
30.0,0.5753465572650097,2.0155137153210965,0.0
30.0,0.5279991449374086,1.6775593707006184,0.1835772464998093
30.0,0.3838911931425165,2.1753003305866097,0.10874350945223732
30.0,0.46919812643028525,2.0194163213260183,0.23905752710264394
30.0,0.5123939010969564,1.945686222773919,0.047755898551711355
30.0,0.24121249957643784,2.1636758898655275,0.0021028982460055104
30.0,0.617142348441968,2.0663494766123693,0.3510138545703227
30.0,0.3956149164164633,1.758236879987129,0.12231216072957121
30.0,0.5210781767772223,1.981499614091419,0.10500507254174889
30.0,0.422241124537783,2.126307843158623,0.040704284834273505
30.0,0.3533820658980644,1.6922264729779064,0.30950299385508184
30.0,0.4872200853680208,1.9398616313820198,0.07282345359961073
30.0,0.5533132318013132,2.019293876504946,0.10442420590089299
30.0,0.5403535828061667,1.8451708096892183,0.024877059725585862
30.0,0.6308682666160403,1.8903207320070514,0.17509403797238893
30.0,0.4231847507998345,1.8629846517805437,0.10923847989167487
30.0,0.3449692938584866,2.0634538887407903,0.10981011995073209
30.0,0.4411533478721985,2.110659300817061,0.047156256464854884
30.0,0.38738834418761237,1.9586464576909384,0.2317175056837787
30.0,0.4256879084872378,2.3695395367450187,0.027499793359659814
30.0,0.4027636356080957,1.8600803063224356,0.10909190317851383
30.0,0.59537598439119,1.5697292174421253,0.2384309438274393
30.0,0.4889722936954754,2.1917315282732983,0.033149788567771364
30.0,0.3711094992313599,2.1866046731126283,0.0
30.0,0.38324266488258735,1.9418998783483254,0.2141752702605156
30.0,0.4404812098449031,1.9302535670176073,0.0
30.0,0.5513930133630908,1.7713247733075455,0.056738647285294666
30.0,0.4615441503988123,1.9305605211046672,0.026633280476967933
30.0,0.32809847074718623,1.9935858747569686,0.11189785124602752
30.0,0.526057685428018,1.9232115875275217,0.02142074608433584
30.0,0.43298771143292064,1.8964809033370988,0.17072857609568193
30.0,0.5501954125225246,1.2547292996700303,0.3227497922275701
30.0,0.3977096219469842,1.9635785274668978,0.03022717869993002
30.0,0.504683995430663,2.2074565554803756,0.1448588071991982
30.0,0.47828396761426595,2.042013711760017,0.06756344143396298
30.0,0.32740101579659875,2.130313420277977,0.10810691893359423
30.0,0.4816526719361786,2.015255748486113,0.13852360027332505
30.0,0.4806806774983042,1.8230984399226096,0.0732901956274159
30.0,0.43991011533503166,2.1556587021860745,0.015952231226125553
30.0,0.41829581333047244,1.9747497908083094,0.08284670634613012
30.0,0.6689202609230653,1.8879937214794968,0.0
30.0,0.42282922578701043,1.9922628273268919,0.0
30.0,0.30594384004944897,1.934542132511573,0.03704231314386598
30.0,0.5402646729678137,1.8919544417432754,0.04276484513959855
30.0,0.1520078089762885,2.1087489890953734,0.013903986617935175
30.0,0.41965730205639645,1.7373789230159358,0.24964008271682014
30.0,0.4704273836832771,2.0038214979375524,0.1107256552667513
30.0,0.5682302129660627,1.9559369847464503,0.1397352530030364
30.0,0.5300219175891699,2.0287661628902676,0.1394163721897861
30.0,0.25210989403535616,1.9184654912082295,0.14148840584634723
30.0,0.44085074189451634,1.8324308381803838,0.008098126269888054
30.0,0.5030543737709845,2.0107280664063785,0.04431991549569753
30.0,0.3597213189407911,2.119723806106145,0.08804781492687472
30.0,0.4841709222424532,1.9514126333411823,0.012737119737791128
30.0,0.5010090325085734,1.971786751268029,0.067699390522454
30.0,0.4094306855873117,2.0414647227768694,0.08796375420836564
30.0,0.46744437094681446,1.9248639924963868,0.0
30.0,0.2877723480871369,1.994885703608495,0.06513054529432118
30.0,0.17803568331647046,2.115575827356775,0.18484462234152868
30.0,0.6271459520909168,1.801426522838803,0.0
30.0,0.46156917981870665,2.169447028526046,0.0548703644088131
30.0,0.4829555484849533,2.0196429613418325,0.1524361587114869
30.0,0.35816022237712536,2.017928443220698,0.01731862883028768
30.0,0.4834201196996175,1.7293773595790085,0.12747544053594062
30.0,0.5190009931938069,1.754203519225384,0.2174417423646531
30.0,0.3034981621829331,2.103070549953684,0.04035611626204578
30.0,0.5173330825409895,2.03168587193746,0.18448649614411558
30.0,0.4931490408252156,2.3142220437767405,0.27811204363239594
30.0,0.5309977693336071,2.038076960680089,0.045399853767713216
30.0,0.5707128575976992,1.7198057106461908,0.002774905494567447
30.0,0.5103449006165778,2.0697328569193765,0.04739029254519448
30.0,0.39338433338351103,1.7728875883432362,0.03243507346675264
30.0,0.5421425574967305,1.9896416015228946,0.13406213962640204
30.0,0.3408466286536357,2.2295683120670597,0.017268283870995924
30.0,0.46201653314567276,2.0029523778022886,0.003276852782650106
30.0,0.5875003022877633,1.9916307837850837,0.0
30.0,0.6375536549100422,1.832566624141305,0.14030260660744337
30.0,0.3571887559781892,1.9873771846684425,0.009219273491177144
30.0,0.4965138274213172,2.076889177104668,0.18063796248132744
30.0,0.37396616597123644,1.774688127177319,0.14234738875212777
30.0,0.7408758699695794,1.932098111076257,0.0
30.0,0.5974176988393206,2.035695321718849,0.004636668199736231
30.0,0.5759689083888034,2.1079340226907193,0.06095699314988659
30.0,0.4672328418886708,1.9968538486977154,0.062465872927776916
30.0,0.4434658676183261,1.883261214225133,0.02822995240418395
30.0,0.4782859180781301,1.945423970504345,0.10665661919639895
30.0,0.5646346539693254,1.9803209075926953,0.25845512966780426
30.0,0.5602285415888604,1.85669834008004,0.21338873116610493
30.0,0.6496353900203281,2.108964372892271,0.06691589213860745
30.0,0.5354702471282289,2.019698549640008,0.14803170957291764
30.0,0.5636325475765572,2.1121944969363593,0.0
30.0,0.508103310126605,2.0285534806158996,0.14132214893128417
30.0,0.49956000340423534,1.9664367533483191,0.09702595257482335
30.0,0.41320885306828353,1.5709329077002983,0.3620475127007212
30.0,0.38652897636789957,2.144325623733433,0.00880175528323578
30.0,0.3896733086424251,1.8839003394557128,0.19368917572682232
30.0,0.5308424039263986,2.0103611564498656,0.06518464582412198
30.0,0.48259901691664553,1.66374040020352,0.08791498589614163
30.0,0.42420659773181324,2.0532776066904415,0.2290773844635395
30.0,0.482680456446711,2.104435056025513,0.0984561032372896
30.0,0.40806248971979214,1.9962330311940195,0.1410124368727358
30.0,0.6368027026196551,1.899417700460471,0.21207286768532196
30.0,0.714111880303705,1.9352521459279337,0.08449755351142677
30.0,0.18597140639755155,2.0039303626485228,0.0
30.0,0.7446856563652444,2.1598150410929846,0.027272705580914377
30.0,0.6591805825641308,1.841371787719639,0.023754409968316334
30.0,0.3705603742511912,2.032222891809331,0.017348818376910706
30.0,0.4401329973512669,1.982690424770888,0.15941059130550497
30.0,0.5670811473032304,2.1417007763401847,0.01922674975005627
30.0,0.3176697391443251,2.042999121816727,0.12622881917482082
30.0,0.6550109441134937,1.9269851519847243,0.0
30.0,0.47518242408195344,2.1176051157281193,0.09974320417995398
30.0,0.32204378151080054,2.2334889251753207,0.10183153572547743
30.0,0.4055222325064948,1.9605844840764541,0.0249222256143643
30.0,0.37484458290360806,1.8759089882645883,0.07774465444666287
30.0,0.4318791606766011,1.9148332338292218,0.17602808474659992
30.0,0.48676100103712444,1.9770928656769213,0.006502615778574437
30.0,0.26866508030783026,2.0351214738200896,0.0
30.0,0.44608240733687426,2.1479089191816283,0.0
30.0,0.46384790149642074,1.855061850338011,0.19639065817091866
30.0,0.4600497086470756,2.0517106687678233,0.0555564432978837
30.0,0.5903838342470497,2.077044922502878,0.03590783270334311
30.0,0.42512012765794616,1.9345496292231577,0.016549294613367987
30.0,0.8970729569754033,1.6132221128567619,0.04502980269023545
30.0,0.6209393934508826,1.8155386355772252,0.09861852155000805
30.0,0.4118977203810581,1.8875036782471741,0.10391291629856259
30.0,0.4513986587509763,1.912239548538427,0.10152556213029368
30.0,0.5300274148997516,1.871809983314915,0.0
30.0,0.35350565559713176,2.122124806379965,0.0
30.0,0.5513407779858313,2.1336394589472327,0.05087867299815679
30.0,0.41058445248759573,2.0572277525456597,0.20626545859116033
30.0,0.4696567362303418,2.1223676153213433,0.009326021298240594
30.0,0.6909976724433438,1.7223339498549677,0.26308582349073045
30.0,0.598140096453166,1.8702251992496512,0.07137747829527163
30.0,0.49558819757273426,1.9823451570193016,0.09481426720707455
30.0,0.6389491875370248,2.045360910532105,0.002020312193009302
30.0,0.47449526770295664,1.9499467626325293,0.060346420048841526
30.0,0.5721212285620683,1.9731926023517452,0.1678092991721994
30.0,0.33583006315257813,2.059866057425888,0.13376057036406003
30.0,0.30401852728233675,2.081014839230331,0.026039365036698608
30.0,0.9124747361853606,1.8622300121717226,0.10145474201136366
30.0,0.5890185333142232,1.9470292677964924,0.09652163538122999
30.0,0.6851219713230902,1.8589366388844752,0.04730871907861477
30.0,0.43281786691708257,2.0204001464526717,0.25203286998893015
30.0,0.5951266117630559,2.022965373386623,0.17337785791098537
30.0,0.5903415546452289,1.9702886706903016,0.2034399080124924
30.0,0.4547539894105758,1.9202590822053265,0.1406521489060758
30.0,0.5015229554646998,1.9707360973274946,0.06757238503282205
30.0,0.39961769432965794,1.8941922429256717,0.1415652878473944
30.0,0.52278619860414,2.0089794801139482,0.0
30.0,0.667584551512123,1.7375834087210749,0.02273392873324067
30.0,0.4723519091496267,1.8692219676669073,0.07443722732525843
30.0,0.379872547646233,1.9927857268157911,0.15362765797131367
30.0,0.6845635508971305,2.088430221264845,0.0
30.0,0.31767207944083,2.000452595082134,0.03256200380841738
30.0,0.5918977924956436,1.6889519638605217,0.2068272817003077
30.0,0.2996967877682211,2.0075851297093235,0.0
30.0,0.39327288572530866,2.14433616072138,0.0
30.0,0.704877986649622,1.8442536855312066,0.052682068353110637
30.0,0.4318861243975512,2.095181862724799,0.21520566803334784
30.0,0.5132451711153732,2.276093125202092,0.13216684083261449
30.0,0.5948189236710252,2.162749759240693,0.0
30.0,0.49851734533160297,2.112882300474108,0.021975423635200275
30.0,0.3146099124205689,1.8577161682943846,0.031035859661805634
30.0,0.5676946404910058,2.0006932456641486,0.08033936864072072
30.0,0.38035358920921825,2.3012621397791038,0.06407311367109338
30.0,0.314843300119777,2.00930783044685,0.3086866828380382
30.0,0.629965452815273,2.03031272365705,0.14652944521619135
30.0,0.4374391991597014,2.088796830400766,0.02610617787819003
30.0,0.46481736788071293,2.2020660883991265,0.29872835711819845
30.0,0.4817363395431458,2.148654393421738,0.0
30.0,0.4717466485802679,1.946265937441872,0.025723804004744142
30.0,0.39080125058454646,2.0178673011045,0.008184304093641546
30.0,0.7336832866774798,2.175683588617757,0.07954828498261074
30.0,0.4904616138945554,2.032450764715486,0.10528747335624475
30.0,0.49646755169297163,2.1689050704530537,0.0
30.0,0.2965025826207646,1.8700041361525221,0.10412685087443568
30.0,0.5923394469294784,2.0698685514847304,0.06703037142796905
30.0,0.47289382404275326,1.7862484856226288,0.0
30.0,0.5159769971618163,2.1564412470192016,0.0
30.0,0.4315333455653313,1.94171327689068,0.0
30.0,0.30553553742201706,1.9333248049631944,0.10027072051073962
30.0,0.499987753402999,2.0796131709965446,0.10057564643749214
30.0,0.518196966643293,2.1179222119638506,0.13329831692681243
30.0,0.3956039359389435,1.8866547484390608,0.03637079183197837
30.0,0.5259331049294775,2.048088005506339,0.025024398973269024
30.0,0.3604841572260551,1.915779425872448,0.017144725939651155
30.0,0.6184954670459252,2.0108370891628073,0.07809624235221123
30.0,0.4201182538309803,2.145455747167016,0.07116955888728506
30.0,0.47148152918427844,2.2392511961180643,0.04156461664234314
30.0,0.3762291044408551,1.9591978611210634,0.2354525151082492
30.0,0.5310273079854656,1.8299558863590393,0.016723403040761767
30.0,0.5349781020319392,2.1293151852620236,0.0
30.0,0.5052045055620058,2.0399018141029273,0.12965466117102287
30.0,0.40062834329429425,2.0619211058849243,0.0914626432609153
30.0,0.7147602794964412,1.7077434059054364,0.19953792069826762
30.0,0.3111765654508563,2.214663307747862,0.0
30.0,0.5785567621716526,2.1090430561244125,0.04891762951617977
30.0,0.3363295955137023,1.8713920411113587,0.07497141146125191
30.0,0.5347638115206632,2.0624713446891763,0.010978562687263792
30.0,0.20839494216034782,2.0329501739350455,0.04022101474355271
30.0,0.47459573770625235,1.998267467141855,0.0
30.0,0.5330987316704994,2.0225504682158473,0.08971776602975803
30.0,0.39546105493857187,2.007489598487063,0.09386410454694208
30.0,0.4102406578888139,1.8659567246926816,0.1095038346574875
30.0,0.6423571410538097,2.0915682089158727,0.11826510631618886
30.0,0.4182659440932024,2.085493451072214,0.030201238035583465
30.0,0.4981823615416148,2.0568127891922665,0.006815703416128562
30.0,0.274355731682588,1.9455839814754647,0.07725316594791778
30.0,0.48439250156397795,2.1005326560000643,0.07827858548816508
30.0,0.5688679251654515,1.9991715616726133,0.03449162504278418
30.0,0.47377265603114255,1.9055764893561953,0.017455405469076327
40.0,0.3873627230717818,2.1148840748402082,0.018645341188117386
40.0,0.11021281475350715,0.04445011491248532,1.9014320623686876
40.0,0.5998542089196189,1.8971554670037127,0.02563393308431615
40.0,0.4208491054507304,1.9978202943136896,0.10488934319523698
40.0,0.39651198474989946,1.8903209322347165,0.11245628051194834
40.0,0.4314534594082422,2.1339000043548726,0.10965272739955391
40.0,0.43234450902142263,2.132508412847336,0.1683137809596732
40.0,0.25690917654620116,1.8498961155847102,0.1282159084854997
40.0,0.667369193924108,1.9338147596172188,0.0
40.0,0.5232828583783372,1.8003677711684332,0.053172181270953786
40.0,0.19897083247001868,2.3060309847723564,0.12305616930989793
40.0,0.47731300685010786,1.6849505361921204,0.16303588353781406
40.0,0.502767564751242,2.0872895677291896,0.13029764789572743
40.0,0.6333271004954465,1.8229704827470194,0.0
40.0,0.4356386869620497,1.9852083842534278,0.0371914263406606
40.0,0.5880453996764473,2.13244150802875,0.15787997074191726
40.0,0.20107043746779898,2.179203300803277,0.1671102481601424
40.0,0.5272548201974199,1.6360760102793486,0.16138675666443095
40.0,0.053604366819725524,0.07414426335495657,2.0673574297056727
40.0,0.3632346702844391,2.1598551290642805,0.0
40.0,0.5475911124857904,1.8253656164737433,0.18307173761095225
40.0,0.35197061357416204,1.954551439081891,0.2004078213618972
40.0,0.4850159000490564,1.9341648332548627,0.31433986417618354
40.0,0.37463096057913553,2.048327356229087,0.030140387368171703
40.0,0.3629246086281569,2.4114626371686194,0.12578524346194797
40.0,0.16305647707827275,0.08958749365747992,1.701817062220322
40.0,0.5211638597025772,2.0253478557594295,0.16821044645855807
40.0,0.44341562558062675,2.0582792085604225,0.07584979193920842
40.0,0.49483765024838827,2.1307374379785706,0.19499362529402503
40.0,0.3169134116683475,2.050623717042527,0.0
40.0,0.657766400681111,1.9777853116929365,0.009129895128305174
40.0,0.5611347203391515,1.9706571367076613,0.025955322854393933
40.0,0.5415370363614912,2.0660395323799783,0.0
40.0,0.43441836291703584,1.9324303789960906,0.0
40.0,0.5243224395026174,1.8314103162837598,0.09971983888810694
40.0,0.4384588562010312,2.07619929302633,0.09701444856835027
40.0,0.591337633219812,2.0423978051178255,0.14407409421250167
40.0,0.0382521686678369,0.1764308646996083,1.5182443322588601
40.0,0.5771652375586943,2.047957184603288,0.0
40.0,0.6106585129749019,1.8767273747139126,0.10761847180454115
40.0,0.4417984314796707,1.7170673822925682,0.24980160799989726
40.0,0.4314419507396674,1.935903732746269,0.14762204636008772
40.0,0.5985741538131008,2.097927150358556,0.0585905574128149
40.0,0.519756942229746,2.0760505753887575,0.012604427249462034
40.0,0.3457346887611289,2.0170611354700614,0.11217962709402135
40.0,0.46447151704741474,1.7783707419309527,0.20138297308749759
40.0,0.4205846554049799,1.7345061240109694,0.15229748923934108
40.0,0.3992403238032822,2.1651831640629124,0.03999164287916186
40.0,0.2740654049815696,2.166994768695725,0.0
40.0,0.5333751681911809,1.9787885928978315,0.11023488234106714
40.0,0.28419974274074,2.011587019569498,0.0
40.0,0.5950830177752281,1.8407068631565715,0.015150336437285842
40.0,0.34829106940709204,2.0245976928338942,0.14176528891401333
40.0,0.5224147533557144,1.9527010620159586,0.12683047596714161
40.0,0.19623798137943815,1.9938757153318896,0.12614962381307587
40.0,0.3731026019627596,2.0302674912474536,0.0907876635205378
40.0,0.30908099248742166,1.9097160074906203,0.14051850781640524
40.0,0.4405744682620142,1.9189094129920499,0.031415474012121025
40.0,0.1304234751932915,0.024067924494099217,2.076930745578686
40.0,0.08796964647076198,0.020934793386461627,2.0322316376613103
40.0,0.09460997325426534,0.07221956227573612,1.9109733000722453
40.0,0.08341039629608281,0.04543092090462554,2.1089378183415284
40.0,0.00013531508145497861,0.03905051491161437,2.0649168834684968
40.0,0.13937838901931587,0.06044353567640141,2.134869828635752
40.0,0.06437150229228948,0.021278913263701047,1.9941688878231092
40.0,0.06006516371008654,0.039803981807185286,2.0627150378717256
40.0,0.10949175985920771,0.14957907630431272,1.9797127450024978
40.0,0.038952363267031685,0.054121239153234864,1.8217130662991723
40.0,0.0737266895507882,0.028153344853357243,2.0111045481288237
40.0,0.17644100137925994,0.07684514542080936,2.062364213559333
40.0,0.07361243320296353,0.0,1.946252412621287
40.0,0.021579316948291533,0.09254633964819549,2.0039004843753414
40.0,0.055741732461986146,0.11029294189198076,1.9902324010758081
40.0,0.16466696628161823,0.09287256578801827,2.021495798915085
40.0,0.055230503719177725,0.0707814041307973,1.8806682673676256
40.0,0.003671097286062259,0.0,1.9997625014798248
40.0,0.06232761253651139,0.03153053559508298,2.0590904933314707
40.0,0.09765292378562529,0.075283154610701,1.9971592512293244
40.0,0.0718781841977467,0.03826530543269316,1.9880743986786258
40.0,0.18588314636649744,0.1803980404496741,2.050630590451484
40.0,0.08033328063895842,0.07060220094998552,1.9237645947861959
40.0,0.0906565624229147,0.06678423780068833,2.015366981037094
40.0,0.05177912951160716,0.04162813781645419,1.9977095423814115
40.0,0.027784314156234717,0.12529210218763803,2.0238307679381227
40.0,0.1346901424008721,0.0,2.078248877863407
40.0,0.006196752788054273,0.1372995294917274,1.9320306781899275
40.0,0.08652491207843865,0.09431991297599328,1.9693317148168819
40.0,0.10042352445049271,0.07878505690317046,1.9273421861044095
40.0,0.07250153651594471,0.10187403980868842,1.9928782581868494
40.0,0.12211312076982844,0.01788449594797215,1.9871250509733693
40.0,0.0,0.047056577759246064,2.0324025894180844
40.0,0.14870969052445113,0.06802475236644895,2.0540855992274527
40.0,0.0,0.08783416082651818,1.9452081052335841
40.0,0.026383351699534548,0.030718366515500528,2.2240044389164235
40.0,0.10790115700850063,0.006932246475648942,1.9548508666675903
40.0,0.06143862041679342,0.08847193697018772,1.9040957776001173
40.0,0.06252508645918863,0.055440686161034064,1.9014516119937381
40.0,0.13759073092066657,0.0512390752114301,2.040981813092999
40.0,0.04456154729870992,0.05781680537670661,2.016447515801751
40.0,0.07354868606918238,0.11866602092396765,1.943499790886134
40.0,0.024980989308398205,0.14908342245860773,1.985874916852991
40.0,0.06109540222852584,0.11395339579233105,2.0133980149428155
40.0,0.12214557619799388,0.09674960434763494,2.1082315802686487
40.0,0.03844631918705519,0.037697660512956664,2.0420871369886244
40.0,0.051788821009895805,0.03663469364245009,2.0912769006560246
40.0,0.03655042396176999,0.06068450459844335,2.0304018570702236
40.0,0.033591955456945176,0.0,1.98595388168786
40.0,0.0,0.22324443615329148,1.9557848439667251
40.0,0.0,0.1752618238685371,1.8911052831926827
40.0,0.06571736958942632,0.06481682625628256,1.9162181207838735
40.0,0.03065695314399529,0.07544166799176091,2.0211353678137276
40.0,0.07894694931241245,0.08385217978160855,2.0089495629678966
40.0,0.05550171189166654,0.0,1.9216493256337817
40.0,0.08587855729005006,0.02343460194193122,1.9965878029892452
40.0,0.006628113086899701,0.15089840756942371,2.075462231536949
40.0,0.01261922238181403,0.03828830354094209,2.1274772916237525
40.0,0.08770111368491845,0.0730446127417496,2.0812279921431562
40.0,0.12708719000204377,0.0630419928365029,1.9610462679350402
40.0,0.0796970942117891,0.05205535850564152,1.900038894690174
40.0,0.019158983589395506,0.0,2.037031239416965
40.0,0.09700380331508425,0.07060419063839846,1.916855724987561
40.0,0.15009054228924723,0.012214151160825942,2.0117928082749135
40.0,0.038880067809716506,0.150240161221563,2.0351252941373654
40.0,0.029601184504838802,0.07236890282554835,1.9909718640772998
40.0,0.008334692027668943,0.06726395149094386,1.9799076992732731
40.0,0.12017501702375218,0.14265419299922436,1.9791248682161127
40.0,0.17229535184284292,0.0355975029300576,2.0305281683138223
40.0,0.0265063257064784,0.05713854103750298,2.0341393680520343
40.0,0.04145337100531253,0.0,1.9414860857718037
40.0,0.08739558954911779,0.020805090973430664,1.9968211099076483
40.0,0.07013928045221142,0.0,2.1145940919531334
40.0,0.1096827168109235,0.04945962652542403,1.9968275571347942
40.0,0.10964962181555016,0.052275236176690366,1.9482635715860865
40.0,0.09685834123444678,0.053776443026103835,2.0284724783776698
40.0,0.0674416871680302,0.19294643278215226,1.857701309937573
40.0,0.10640044204453014,0.00748723486730396,1.990329468174245
40.0,0.11648771018189329,0.04058136855592602,1.964225903782069
40.0,0.037375182246675,0.01085351431587269,1.9761407085701317
40.0,0.03838439738684128,0.08115592673863005,2.0546960484597814
40.0,0.03734079247519943,0.07209664917198118,1.940593216994858
40.0,0.1560110256800915,0.014682782113103043,1.9141121770549954
40.0,0.08174629216079671,0.028759079919808667,2.0166454896921095
40.0,0.028123466232821852,0.09612473030506805,1.9381458134483873
40.0,0.09530366197463794,0.03845803609889057,1.9335676100488846
40.0,0.02858774935469155,0.08877344923002625,1.934221449834868
40.0,0.0,0.018260366028785748,2.0198144539131544
40.0,0.04036021687124167,0.08209627307925232,2.086871105053473
40.0,0.09342491502696515,0.0655299494971473,1.907894205730014
40.0,0.07456283394468048,0.09238333296564999,1.8623830160186867
40.0,0.060685049705290824,0.018449797794012724,2.017634363426907
40.0,0.05367442881652087,0.11769383362442726,1.9838632298834473
40.0,0.08288067799371499,0.13823342038146674,2.13076520818382
40.0,0.12832827277818018,0.03433070493387646,1.9234788448446756
40.0,0.06936572886502873,0.0,1.9158859798131
40.0,0.04917078808089058,0.06746391830648257,1.9480107248509313
40.0,0.0,0.10937056713964881,1.917640362755289
40.0,0.05308114026076319,0.0,1.9468324019869359
40.0,0.0,0.15630440441009,1.8675079741355731
40.0,0.07001022939086782,0.0644063619856888,1.9398476261451503
40.0,0.03829908845927023,0.05575789510000156,2.070977094878651
40.0,0.028797777515321716,0.005135628162015925,1.850840033470465
40.0,0.05278202006778038,0.04758326832324203,1.9392017561610948
40.0,0.15132630416864648,0.13651092327583264,1.956542798872825
40.0,0.010009099789077703,0.0,1.855794687736062
40.0,0.02731930154488105,0.0036721833200733375,1.8717504758065775
40.0,0.09224229891244398,0.20736896092176435,1.9941401319633076
40.0,0.12879089152973336,0.04668247635837733,1.794253986701637
40.0,0.10975111635937408,0.0077811631687345634,2.100165221953332
40.0,0.0451933037835899,0.02119570611989284,1.9714640790974522
40.0,0.12760521337961878,0.07195527886344985,2.1032057419689556
40.0,0.11958479642188763,0.07893968728291026,1.921871612910835
40.0,0.0958524449035348,0.1182860747220042,1.9413263157697003
40.0,0.13504441867109468,0.03902828779011996,2.030552183365052
40.0,0.06323549705280142,0.035251531263402316,2.0944449385196524
40.0,0.16223115999707488,0.06922338905083958,2.0256256212447763
40.0,0.20789143681179692,0.12110296332598085,2.0513827099689785
40.0,0.017705898561475454,0.23573315664489203,1.9844481882320189
40.0,0.028312778329415245,0.05334386198350258,2.0906660257407443
40.0,0.10583979157945057,0.0854530582787102,1.993257012663696
40.0,0.07448388973456155,0.04809109201739823,1.9715565106856372
40.0,0.13983402572816936,0.0731890578969141,2.0234429663606477
40.0,0.07439116034682661,0.06540701468951689,1.9433374428340149
40.0,0.052944504412001894,0.048498975178115834,1.9985789155661429
40.0,0.09743022044185244,0.087643337269206,1.9990320178104877
40.0,0.0,0.08525142268221303,1.9171718485920857
40.0,0.14093793052944642,0.016308547618227212,2.013929711987385
40.0,0.03768403325934235,0.22385540961256056,2.0403013952366638
40.0,0.08349991952962255,0.08840250292235631,2.020367572083614
40.0,0.0,0.07525174395261584,2.0977571149490983
40.0,0.0,0.17170516638675518,1.9408335847652465
40.0,0.09248229118848032,0.0,1.898930151545625
40.0,0.04142249855048541,0.10010711978859195,2.034563300993568
40.0,0.058826926317332974,0.050735201853422604,1.9231559079990945
40.0,0.15453819878363975,0.032851321231658424,1.9709764902868916
40.0,0.1754377929058242,0.0840672227049061,2.0704430255414987
40.0,0.08007822077161733,0.021688716226207584,2.1408569467345098
40.0,0.0,0.09840897386198856,1.94789891378282
40.0,0.05305572569783005,0.08022917730266318,1.9811404160525563
40.0,0.09048176918801093,0.03432705683436793,1.9949867079505315
40.0,0.034471383774205264,0.11875668232358814,1.8835524035918871
40.0,0.003576920598028239,0.0,1.907268737216745
40.0,0.04110266080815984,0.16738864364374925,1.9843162319971344
40.0,0.12489639143844236,0.05286145293127701,2.042911840237012
40.0,0.12947871246410514,0.028867556338768426,1.9244091117987254
40.0,0.016711579907468285,0.05013259384849858,1.8773100482064586
40.0,0.11719278614927975,0.02768098036704107,1.9864335768157149
40.0,0.027819704513390782,0.2253411303650697,2.013440249324598
40.0,0.052462026519810474,0.07484102545449133,2.033665051926127
40.0,0.135804631421711,0.00829982232144527,1.8781383336277018
40.0,0.025256435006444682,0.06663345462159465,2.089723049333485
40.0,0.0675460341717714,0.010368659326510932,2.046550050590301
40.0,0.002882589209729558,0.0,1.9590223553007826
40.0,0.03624533724335718,0.10618936483863618,2.0210268541903758
40.0,0.13477070555814208,0.0885946307894946,2.07400181365745
40.0,0.0,0.058515206221702094,1.8443994341032404
40.0,0.007172519782705906,0.15702150917494925,2.0642507302156865
40.0,0.1464769812419885,0.0020222528251691123,1.8005038968071407
40.0,0.016506435094976173,0.0,2.024022531919498
40.0,0.1196335645571483,0.14532909845678596,2.0122526290419462
40.0,0.11500027947896002,0.10497577568601459,2.0249554032432524
40.0,0.0728873874101382,0.046910431143326076,1.9504670500617756
40.0,0.04830419210201033,0.1676795863302715,1.9971683991582463
40.0,0.0,0.0,1.9544747568528806
40.0,0.1196089202975191,0.04234718508373071,1.9454424976564102
40.0,0.1313870552359559,0.017292947935457808,1.9543642435557078
40.0,0.0030744803945077608,0.07920391251315187,2.0032195041278222
40.0,0.020519916438329577,0.0,2.1092791714116053
40.0,0.03980068493939926,0.1466202999936509,2.0520920425366755
40.0,0.10723035962332716,0.038110375702531916,1.9824273147663316
40.0,0.09923597184390616,0.08565768158421348,1.8604071931383916
40.0,0.027446573247952192,0.0012128137225255057,1.993784082091703
40.0,0.08388944895882654,0.04013881887251933,1.9399114807466082
40.0,0.1802028607800507,0.09854646343054084,1.9946741698712307
40.0,0.024952869087417655,0.015353157858261711,2.1093710854265355
40.0,0.06275466814828772,0.035104351006841,2.1046501958680897
40.0,0.08704624679315268,0.04935955840594057,2.002896937374327
40.0,0.10477446047027908,0.012116155584214005,2.092365704783557
40.0,0.09836146996750077,0.16102169973118324,1.9869989802121124
40.0,0.09455984338022333,0.08153333097940044,1.894066211402292
40.0,0.18296064579479482,0.015682173711671264,2.1232794349528015
40.0,0.044900047997801465,0.04088710015686429,1.962392197523815
40.0,0.01355824241733781,0.01298970532874294,2.1290718513769757
40.0,0.15399802413986913,0.07569111379488407,1.9746045651725541
40.0,0.09081169841809775,0.09654565640471893,1.9782754800016777
40.0,0.12486668412736097,0.025943112476117292,2.0982976403833624
40.0,0.0,0.04657076137109359,2.011888712498656
40.0,0.0,0.05541489986480981,2.1026351920901303
40.0,0.09521860248001578,0.01708286147749114,1.8755883673105094
40.0,0.0,0.02440376649009411,1.8033901970688158
40.0,0.037256693826778334,0.05600986575013667,2.0278488574794635
40.0,0.0,0.05338159411929689,1.977201023464116
40.0,0.0,0.14448430272129875,1.9828132005035393
40.0,0.03683972248532986,0.06812991788129166,2.1007553450919407
40.0,0.12089796850462824,0.030362371810069358,2.1150277644202014
40.0,0.31474667297935427,1.962659089022235,0.08046360435292307
40.0,0.4106273469895247,2.2828335137064024,0.10638351097195055
40.0,0.36830209673432845,1.9821041212324366,0.13868122264905003
40.0,0.5703361969182282,2.0181819184664875,0.031428717865870585
40.0,0.11477501110257232,0.024153557829520347,2.090233350564635
40.0,0.052977520518199005,0.10990955896782237,2.0740400781404915
40.0,0.5023044521937988,1.6200666465632758,0.3256013425710884
40.0,0.43924199395292235,1.6302073210454786,0.2753578807103003
40.0,0.4927450335508711,1.809525633696546,0.007965349822222668
40.0,0.5386048678073068,1.9147802020964606,0.11500400542098252
40.0,0.40346581483912747,2.2382070098446336,0.13911800603890578
40.0,0.3611992880677149,2.1013353812868902,0.0
40.0,0.3666389381737413,2.0230890917277944,0.13095672204432085
40.0,0.05498160268003284,0.05754362447121041,1.904245094347321
40.0,0.29567312980102395,1.9963985453984157,0.1788282758519394
40.0,0.32995486197384616,2.0573150494490022,0.1396917258214081
40.0,0.3384064068913247,2.1409422634313184,0.04319570133342893
40.0,0.5106764765362267,2.0392558559197655,0.017230296456505697
40.0,0.11646471024752819,0.04391890076127565,2.0671195913043903
40.0,0.1476843559733763,2.1129190329806447,0.0
40.0,0.056536844674331004,0.1183585671436096,1.9346742576756697
40.0,0.5492410504009663,2.0257996269754774,0.0
40.0,0.061402001125728994,2.096145370507245,0.0208417927025323
40.0,0.37632235672321707,1.8655037710440932,0.19752899966081053
40.0,0.4441364664442946,1.5313243214306367,0.3243707869017027
40.0,0.42444466220962723,1.9344272166096135,0.09628024909705178
40.0,0.5013091897856919,1.9668392389719422,0.03762048074873814
40.0,0.10616702225646817,0.06855940024960261,1.8603741819050676
40.0,0.5146091343707011,2.0381626274131137,0.0
40.0,0.4591249468484676,1.8978450710068977,0.12652778441580703
40.0,0.5568189655845155,2.0899644545916556,0.0
40.0,0.6011359303721615,2.022968625293548,0.0
40.0,0.3015732449195808,1.7126881266849618,0.27112217897802016
40.0,0.6192770206149022,1.8438234273854073,0.12832587598454295
40.0,0.33563873568728053,1.9608184525727124,0.01968695610161251
40.0,0.4318038823728732,2.161743007583045,0.1556249851981181
40.0,0.6248647775513743,1.332227814934673,0.08389688360056866
40.0,0.4394625514307219,1.738468752996205,0.12198456641910271
40.0,0.237916772400953,1.989813547965583,0.06923811296798493
40.0,0.4260340962248196,2.0921475694642604,0.032710349135239236
40.0,0.46753707917884907,1.8822687609073714,0.11424179707607009
40.0,0.4676670458861277,2.0977274253307523,0.08488424758989425
40.0,0.33753833284793877,2.136313524563363,0.14921632946791336
40.0,0.5549383797184229,2.1400307974402346,0.0
40.0,0.24706845920851994,2.1165400070601885,0.009156374787161574
40.0,0.28295696736869347,2.100766542724634,0.0
40.0,0.48460913980572695,1.9869246897574133,0.0
40.0,0.48376562194693046,2.040947662956928,0.29725833118348927
40.0,0.4443999946424473,2.0488742667016218,0.15181487494461643
40.0,0.5240816922787944,2.095096409158099,0.0070316965752350805
40.0,0.4318263183069904,2.044704521533152,0.10083046323644232
40.0,0.3898702435303968,2.1516108958196543,0.05651593531103054
40.0,0.5125407988026802,1.8223858094565113,0.13788370163396438
40.0,0.6130819702469135,1.9641513407514857,0.08279606717703904
40.0,0.2195491949581091,2.160076429480136,0.0674565639804912
40.0,0.2910295330799852,1.957141215587762,0.03483991603831487
40.0,0.2581132699345098,2.170912937768342,0.0
40.0,0.5469644814157767,2.112380097500525,0.03521272073486403
40.0,0.3317853687285061,2.0186251723392026,0.1147183261284623
40.0,0.3574809831918967,2.0362893356865164,0.20906228473379457
40.0,0.4189148290122803,1.9529414661324858,0.14272967357144095
40.0,0.3044378499843261,1.7349406420986158,0.029994435085884143
40.0,0.28765645313525356,2.110817644760253,0.07192369243798803
40.0,0.523690792115618,1.8700472855361032,0.039963869683758785
40.0,0.12330489713424457,0.18271515075605718,1.6287515685926561
40.0,0.49547173429371666,1.7422875065103425,0.2865104755445724
40.0,0.32659989207436557,1.895541452957481,0.0
40.0,0.40750814186047507,2.091951383160983,0.0
40.0,0.44847819413223833,1.737612137312669,0.06588922972538454
40.0,0.4293468215831341,1.8391671668386593,0.0
40.0,0.27841789056755983,2.150843793025437,0.08484576772896016
40.0,0.5351506506300425,1.9521131042754383,0.010568843728311655
40.0,0.42226762526159883,2.004796936270805,0.030264403150146314
40.0,0.5241843928295803,1.7233976184846058,0.007062254368612048
40.0,0.30364323936967536,1.9329801840845222,0.058145442787978216
40.0,0.5375863325429316,1.95356401984741,0.0
40.0,0.302176542297744,2.015851934051916,0.0854757030788362
40.0,0.637930725997072,1.836078485159565,0.18918795480765768
40.0,0.44073774788500764,1.9449997675997288,0.2122064182208619
40.0,0.5860536991471134,1.714938159329785,0.1575710196047521
40.0,0.45080212199826547,1.9751268636802255,0.023241304821333183
40.0,0.38347394279613845,1.9563391823382374,0.004063539924182338
40.0,0.22383606568190323,2.0570110052276784,0.0
40.0,0.5821091773490222,1.6089748844872351,0.199183739145855
40.0,0.3732024693957516,2.0900219076592776,0.0
40.0,0.4366904958009381,2.1998513838305933,0.046210624495615416
40.0,0.5835180171009169,1.957317907780951,0.2088020063445222
40.0,0.3700985858632278,2.0266292168972564,0.11645363762552849
40.0,0.37584355692907445,2.2084747230815744,0.16698352114722714
40.0,0.6673154578296043,0.9800370878177203,0.40388905302749467
40.0,0.5474561993809045,1.8078295447612809,0.0005335631999610012
40.0,0.17411099661231916,2.12493870653683,0.1987717532790227
40.0,0.3311470855939339,2.053213795876623,0.08499417889960756
40.0,0.26131632611458555,2.009477395872428,0.10635027266075371
40.0,0.44962365510147345,2.0825114768488917,0.11936953512009718
40.0,0.5097588623100409,2.1474535399276706,0.0
40.0,0.5176355409288245,1.9609527289307775,0.0
40.0,0.2514698758333928,2.082046768774634,0.2614534220843487
40.0,0.5094809878347294,2.045009986626598,0.1511074079829138
40.0,0.40649234043300553,2.0091871942631596,0.019498631235562825
40.0,0.27240819679965766,2.0236599464085074,0.0
40.0,0.18938797230372373,2.164529026184337,0.03877875405030771
40.0,0.4399173351638291,1.7723395583481683,0.07053983606770219
40.0,0.2341508923448899,1.718041058793147,0.5855255313978838
40.0,0.2950672145355258,2.238407086880167,0.03660180924958334
40.0,0.5344689185529792,2.206606140999955,0.0
40.0,0.45946852645874436,2.0663052386143312,0.06310910795374869
40.0,0.568557117246773,2.0557153486165363,0.0
40.0,0.5497818623826293,1.8431275222537375,0.19370216812523017
40.0,0.6249251499929369,2.081600941196548,0.0
40.0,0.49107055720520826,1.9071938493935028,0.20502909137723163
40.0,0.5370313891011174,2.1076939025781094,0.03841868575826824
40.0,0.7142133392866055,1.9833355461968756,0.03827646598513618
40.0,0.5998686349207647,2.0283838184375775,0.0
40.0,0.4711792894797795,2.067336618574686,0.053985784702165605
40.0,0.17187772761184705,2.407876528874009,0.0
40.0,0.6314914265140932,1.9176612081826252,0.0
40.0,0.38038939209689493,2.0072379997361542,0.1838407473962739
40.0,0.47955461216711587,2.0938121793416977,0.0
40.0,0.3971585830226649,1.778071433197075,0.24672642281351073
40.0,0.533200139776147,2.114417807907944,0.0571527427174704
40.0,0.1793939422112426,2.3993095468071437,0.0
40.0,0.4359584726206416,2.140184638853352,0.0
40.0,0.43020834175659506,1.9755263059580928,0.019586883320543872
40.0,0.3911753143403086,2.0082352814955184,0.0
40.0,0.4133216071500456,1.835248783823402,0.14724517167332854
40.0,0.0,0.13511103851465822,1.7973625035317622
40.0,0.38226065921481595,2.1337458294643508,0.04822017152945388
40.0,0.5942880099865782,2.037241055839573,0.0
40.0,0.4138732527224085,2.0600467614406637,0.007279654743065522
40.0,0.559927087113115,1.8726323990876024,0.20648066772140053
40.0,0.3706150561400051,1.8393228150568972,0.03635509835408464
40.0,0.26412830902430784,2.096380221735391,0.0985505547045232
40.0,0.3367486965545528,2.1090564098249183,0.04009902553556602
40.0,0.46606725725366993,2.0291770239608184,0.030899348282340817
40.0,0.5252055231396217,1.9580828581636873,0.134007211026422
40.0,0.42444417180788496,1.945137339546167,0.0
40.0,0.49100213024796824,2.05499793420791,0.07390564611480852
40.0,0.46174635657324553,2.158175607441022,0.01911846348960279
40.0,0.3464506110174995,1.9048706719720474,0.0
40.0,0.27850617875616535,2.2941460937707125,0.09897469477852557
40.0,0.3382364735252345,2.0321737681105585,0.027414903593477837
40.0,0.4697000191889666,1.8456850722201856,0.07047150023948354
40.0,0.25785091915015806,2.143861862360151,0.14848169649144038
40.0,0.38671142053257285,1.8447957801364392,0.2298255673822795
40.0,0.37868742620922524,1.9969447917307415,0.005043124555233952
40.0,0.5013799070488316,2.0585108055696595,0.12275323706933439
40.0,0.5074573465621123,2.1187123594176738,0.1345224239863161
40.0,0.392676504220599,1.4219379820583424,0.5725699502277215
40.0,0.5619885114301649,1.8342792668751136,0.08479555430852131
40.0,0.4548871601576087,2.048393596567475,0.12120568019798998
40.0,0.4090909773868804,1.7905710308679232,0.08357529992719681
40.0,0.648661281178309,1.7818126350433507,0.0
40.0,0.5697351483090076,2.1075088353994667,0.09401334454073837
40.0,0.27216754877460453,2.249614561948985,0.0
40.0,0.4210387864651616,1.9955907352044433,0.08653559318028968
40.0,0.44342586519480537,2.1258302940373497,0.0
40.0,0.5955786303134599,1.7667808005928503,0.2224830139058924
40.0,0.6346715555567213,1.460538620252425,0.023143881129644085
40.0,0.47277378444120843,2.0030692957551444,0.12828073874063858
40.0,0.5515653566408734,2.007525298877038,0.0
40.0,0.45116881268730014,2.228318262305274,0.1751902177844781
40.0,0.5299332722490129,2.0062250163390054,0.07792602676338971
40.0,0.7522617212286076,1.4461327389312126,0.33319580444623115
40.0,0.3031519278388295,1.9191395744443194,0.07591804678921783
40.0,0.5223246997910935,1.9289980018804644,0.02684197953056861
40.0,0.5982424672162366,1.8928375548156362,0.14921152555349498
40.0,0.596815294359077,2.08535363134625,0.009680421249792136
40.0,0.5050465991806732,1.9192765956366389,0.11230569867987782
40.0,0.5829377705605973,1.9123985147990774,0.207595861499806
40.0,0.6000678511028555,1.2991693869537124,0.32770600479911244
40.0,0.5110846612400632,2.1757100529653832,0.01922713304693069
40.0,0.5251182417716393,1.8778040542705023,0.03870365244868746
40.0,0.44119363659338395,2.0034671344585933,0.05082500021383424
40.0,0.5322648743436967,1.7548396605472651,0.0
40.0,0.30105078098361454,1.8715057052292703,0.0016300742025539153
40.0,0.1334121650362574,2.2598058272298744,0.02922871067120263
40.0,0.4250232975157189,2.054096507420427,0.012309377701175309
40.0,0.3789550715609553,1.9927119077248454,0.09771708493105846
40.0,0.3290857339579881,2.0972862078211865,0.017026446820275924
40.0,0.20771638809418155,1.8019503341014529,0.43462527869356055
40.0,0.5155040633431198,2.025352129266154,0.06639865448663129
40.0,0.58929116079951,1.7363433517864832,0.042772430185647164
40.0,0.3564612489580405,2.1972435722510917,0.11432247150235418
40.0,0.26402100124834993,1.9834876266575447,0.08895753933428538
40.0,0.39381615403786163,2.1308219765608944,0.03826034656932904
40.0,0.5655667032685757,1.9361715620662925,0.0
40.0,0.284726432671837,2.0156623640608977,0.04833385539234247
40.0,0.351863609087883,2.020221269940794,0.07759784442418947
40.0,0.4856169270345754,2.1107557792754497,0.01519239360043022
40.0,0.6655448605849693,1.9193076315667787,0.21134039088652481
40.0,0.6303997583399368,2.0561619680017724,0.03147519688740078
40.0,0.34905149757624976,2.1881040827033895,0.0
40.0,0.44086585778684767,1.4790608195353794,0.588992215036168
40.0,0.4050241894385716,2.072232737689627,0.0
40.0,0.5855777502918731,1.7960883979354814,0.2061505170843484
40.0,0.6094949843296207,2.035553633109307,0.31671911664275293
40.0,0.4477566868028948,2.0704466040977616,0.017376134178054017
40.0,0.5309813892620237,1.9173441570274272,0.008210251333580033
40.0,0.48832237033442677,2.1452720032040347,0.05242986810831518
40.0,0.5608359543995449,2.057288049108684,0.01400836873270915
40.0,0.4243723454108001,2.166454316711617,0.06194640473366593
40.0,0.3271114765591379,1.6766483902953382,0.20962065764916202
40.0,0.40949324156063494,1.9204455478870743,0.10289026324040824
40.0,0.45420057976295836,1.9813168603298008,0.0
40.0,0.4524341181891444,1.9184319674822816,0.0
40.0,0.28758621130762774,2.145562088267372,0.045265203090041825
40.0,0.48440090303614763,2.0591238600750805,0.0
40.0,0.5505513883508166,2.243062770248577,0.09454804518580523
40.0,0.5409050786152018,1.6149163853697632,0.3906876805812136
40.0,0.5094231276666861,1.7407078202200443,0.11912033317347887
40.0,0.7275264669322744,1.9627796198064618,0.0967261914636984
40.0,0.4194991078156538,1.9590266069528113,0.09188174757519454
40.0,0.28312223798825203,2.007803413864047,0.03761699876512739
40.0,0.416549773163822,2.0857734328412967,0.15445618979824965
40.0,0.5447502842749153,1.8217659075842025,0.15367733024783484
40.0,0.35165632017300325,2.00625504919582,0.06205621033090346
40.0,0.2511402578064077,2.008269768152962,0.08876813326534008
40.0,0.36510269411812757,1.6827198162729056,0.31540922922610826
40.0,0.4530832221018489,2.057832206617623,0.1365140399488244
40.0,0.5319543540735823,2.0280406147632446,0.0
40.0,0.7292807380361976,1.648384791909413,0.061674635615239115
40.0,0.26335896165003647,2.302501589300349,0.06997194771072024
40.0,0.6513153181214645,1.7146986214294362,0.15287926621833214
40.0,0.3960205979632087,1.757876623504668,0.11712894511726554
40.0,0.31374451318197305,2.0903358363463287,0.061273781515813766
40.0,0.6215634014732769,1.670973659207682,0.13378363713338698
40.0,0.38345465788292055,2.065191726047662,0.2055800668412215
40.0,0.571946801259356,2.0257957162336004,0.09840075990045616
40.0,0.20199725601875662,2.136327522460695,0.1833749319586172
40.0,0.6102856414339128,2.0360045550589105,0.07156410286077147
40.0,0.44104552531473296,2.0579989790892395,0.06642702297662398
40.0,0.754426761637676,1.5863265556334605,0.08108231194584745
40.0,0.5387966697653659,1.757532522829055,0.14606330791118813
40.0,0.43948464629053935,1.8197676344679456,0.13031948011032557
40.0,0.4912154771952255,1.9496990436422974,0.05214915641460122
40.0,0.4754303932267142,1.9457249121816835,0.41297036353753724
40.0,0.4353503240479628,1.9886786488898136,0.15954646180480442
40.0,0.4442714682799263,2.1672448236902526,0.11254885560654654
40.0,0.2828256138692687,2.0755847264217473,0.10643652499280923
40.0,0.4837627674870186,1.9630163337119704,0.040036339094849854
40.0,0.46565176316231477,2.0730058852470035,0.012667749099271257
40.0,0.4472469077513767,2.0716294895658325,0.0761933659890296
40.0,0.18336494480402815,2.097272283955607,0.2004011845276793
40.0,0.4895964200361521,1.6412410968061562,0.3100957892042375
40.0,0.44822081740578346,2.075065049516678,0.0894250432763097
40.0,0.46472555719657743,1.938211966395034,0.10780548227823325
40.0,0.4624762457942318,2.1314623550257146,0.04252185150989843
40.0,0.28813959925488897,1.9676013582041567,0.0
40.0,0.28770485089140607,1.9758394122221508,0.1157177439830053
40.0,0.5628936092718368,1.9043862739336226,0.011196822125067306
40.0,0.4010713236085721,2.2745408699222947,0.07188507453765569
40.0,0.411225090976452,2.168229459016321,0.07749885436701548
40.0,0.5376977090606313,1.8365838050720278,0.2846692954011544
40.0,0.2729013989089996,1.836428222276375,0.18816392108401545
40.0,0.3338253330181692,2.0819216415613884,0.08836760758530326
40.0,0.5272574819522329,1.856368427890549,0.0
40.0,0.3616962446745753,2.1911895114328033,0.005473705278113099
40.0,0.3641802263207167,1.9896979724424222,0.11887151679390599
40.0,0.5039627157180152,1.9752649562346112,0.005777207617010201
40.0,0.5151908084604774,1.9930778532341897,0.16450998144534437
40.0,0.28604846290603314,1.7682823081094798,0.18139850336135938
40.0,0.2988642257049144,1.7753630752303278,0.0636199571688614
40.0,0.6766564584945359,1.9453374956098577,0.007995439547372942
40.0,0.4670167586703393,2.112914248459149,0.0
40.0,0.32903773539119074,1.977983557793069,0.09862083168803147
40.0,0.4907899753351094,2.2121599816347137,0.0
40.0,0.3919496060302064,1.9594181942156768,0.09411729948082387
40.0,0.6401543380594568,2.2306520532603065,0.06007096215185644
40.0,0.3704409185837572,1.7612339272002802,0.1727115474193186
40.0,0.48675110163551244,1.8623389477281225,0.16000635101469435
40.0,0.5265118105507972,2.0082733077513466,0.038719813033876935
40.0,0.513292618963796,1.9624500571367043,0.0913175168371099
40.0,0.3428241661976274,2.1417484530125415,0.05990006075716095
40.0,0.43939482087331466,2.0427727412481773,0.04050835713195505
40.0,0.5453359681772914,1.8166626267758883,0.26015399466551475
40.0,0.32716327602756007,1.944492536200715,0.09074514387556568
40.0,0.4170956901705506,1.8074637875756092,0.24191549956546388
40.0,0.47728702203238077,2.104290183638045,0.08828077066642383
40.0,0.5646132531067918,1.859627981063023,0.1846809253478194
40.0,0.7300815461641349,1.9464347868035459,0.11311929002101877
40.0,0.46300551386197064,1.7230759369419908,0.1915887748774825
40.0,0.6065060164301518,1.9212674263645388,0.1431293084124842
40.0,0.4500168036059744,1.9339036304468977,0.04086395086380441
40.0,0.5986071410080162,2.029745651899863,0.13877443710290557
40.0,0.2170410018751917,1.993582342444082,0.17119887023956792
40.0,0.43006415136052534,2.159025110731591,0.20256193637400866
40.0,0.3730476311413605,1.9336237325963066,0.0
40.0,0.4891985025502751,2.0045491597974507,0.1045257249436227
40.0,0.4196200149231826,1.9006611443687123,0.04771045692762907
40.0,0.3438905550914815,0.30800634196781107,1.1491583571585022
40.0,0.6104449977792693,1.930314515874054,0.052912163134822186
40.0,0.5776108424054404,1.2749997376633273,0.19220845952353807
40.0,0.5319992084763657,1.9178577706264694,0.1590156995512556
40.0,0.4473010451392532,2.1427859069105444,0.13807092522384587
40.0,0.38128974659619985,1.969449258732416,0.4324473546600128
40.0,0.4242285768179437,1.9990524434048418,0.13804373043213936
40.0,0.6387784190333478,1.9647581108596937,0.0368141307171735
40.0,0.2910355266019183,1.9325549452727486,0.057222392790317156
40.0,0.5179593017009678,1.7041531267915229,0.12369410489867644
40.0,0.4942684099611402,1.818205049459939,0.28930324994061307
40.0,0.3181161355195964,1.7480626020089491,0.16790641526115868
40.0,0.4446434792138717,1.9068968310468866,0.06909232526113523
40.0,0.5398590449536144,2.2079401327902017,0.03968278395623254
40.0,0.44201856779376886,2.075003191165681,0.0
40.0,0.4371859065061437,1.9864345928133251,0.1565630338159316
40.0,0.45492860418468206,1.8614316299353193,0.4745064663018246
40.0,0.4587187331026181,1.9621628948341872,0.11985478240287524
40.0,0.6166667758269722,1.8160178495790489,0.1593444803759319
40.0,0.5480382130338223,1.9623631798266632,0.024954667386725984
40.0,0.44390385774235813,2.0976650415197513,0.07669094478891213
40.0,0.44329796054275494,1.997829687972272,0.0
40.0,0.2641641903687167,2.070333460581037,0.07156129604565098
40.0,0.5479436148202994,1.9398376760428147,0.0
40.0,0.5301030831652456,1.6054656414224429,0.23337909502403184
40.0,0.4136396845893397,1.8650370846060864,0.002012287959367554
40.0,0.1414027915630149,0.09057789404712285,1.6257003420817309
40.0,0.42011556598671357,1.9783366762021986,0.03025648327985458
40.0,0.39172993356814323,2.260946740864075,0.011318047593394378
40.0,0.28755173521230254,1.9412010171717862,0.04337768061095178
40.0,0.5198530990274887,1.8261955956525249,0.35155092367534546
40.0,0.2763561818483938,2.2244961397238874,0.010092505577822715
40.0,0.567924676301876,1.8400600644843195,0.11168776564950483
40.0,0.3041425416338072,1.9065884897121663,0.059239334528791
40.0,0.3496406137883466,2.0496735292106583,0.0125631490478877
40.0,0.27869323779633187,1.9485688881141592,0.15434679602652976
40.0,0.4073263016864257,1.7881646937716928,0.29295901809966135
40.0,0.4114217418574655,2.103835284070438,0.0418009692147643
40.0,0.5280828038467479,1.8601293166336332,0.04860201844542446
40.0,0.4507721552121363,1.9580877718417407,0.0534312583461296
40.0,0.3435206709335625,2.1825280981239974,0.0
40.0,0.39752410810843214,1.7064894127034504,0.037689423005858404
40.0,0.3645421030031656,2.2697134611594247,0.13749458045871812
40.0,0.48416744443505205,1.9298374459118075,0.024314397818121378
40.0,0.4377416363244729,1.9379320510070794,0.23354733650542045
40.0,0.42442143070066274,1.88512488893872,0.08955225720179348
40.0,0.2904464987073889,2.028650524024048,0.016245496612426892
40.0,0.45700945553941097,1.9836140335859982,0.046867740137260014
40.0,0.3826154013766266,0.97040137690054,0.7051921409777393
40.0,0.6446177750157865,1.8907543357334788,0.0
40.0,0.3069620355605025,2.148100860086557,0.021883669706285427
40.0,0.4802309139363691,2.0264107129937523,0.07880704683296098
40.0,0.41030201615001105,1.9805070957942128,0.0
40.0,0.29771063931361524,2.171411077404211,0.16404389182669413
40.0,0.41326883085162874,1.9785351252727381,0.0
40.0,0.3323313848859021,1.0430929571869456,0.793399978030828
40.0,0.36468092035250776,2.228534051868555,0.020230843568468916
40.0,0.38640655777892713,1.8611564592229728,0.0
40.0,0.5614033975961218,1.9312326162851647,0.04060822774703592
40.0,0.23346336898585301,2.0618988364568267,0.05449146354851896
40.0,0.27351102293789,2.091996819147732,0.0
40.0,0.3923239805426239,2.077326443932823,0.02342630750005789
40.0,0.12888712708422093,0.15349644926922035,1.6670790186605502
40.0,0.31013152159623714,2.013645661162062,0.027828108790512902
40.0,0.5785979135271994,1.9872106724375007,0.0
40.0,0.29617339230244877,2.30660031831071,0.09167625072581166
40.0,0.5612468032747034,2.0409291216769923,0.05708260929456853
40.0,0.6229076835302302,1.8880678367051147,0.17611778339865386
40.0,0.4693697614181073,1.405002156973013,0.2508395887225765
40.0,0.41506035512695155,1.9602025484589691,0.22529846051819008
40.0,0.6077625851739806,1.8363624032355077,0.042453972103680945
40.0,0.5011656153466826,1.9790869394069266,0.09895325652314314
40.0,0.33875348907185304,1.922465730620695,0.28749837607332923
40.0,0.3712997974358066,2.1522177140103347,0.10395096210398447
40.0,0.676258864131414,1.9815471898690986,0.08498256122509817
40.0,0.44745803928741557,1.9876846646930806,0.08288180262200776
40.0,0.36503827949371004,2.1834979616244987,0.10294964192992091
40.0,0.20460760816580653,1.9596224188487399,0.0
40.0,0.5473512264936459,2.083309603799789,0.1020668843992532
40.0,0.4650963640773493,1.8494284131514083,0.06499496680689176
40.0,0.4414460316021426,1.9663786012019062,0.03031368530573514
40.0,0.44020375804048845,2.0270163667948404,0.0
40.0,0.4543079853877066,2.1044962514348415,0.06707621276808019
40.0,0.5538606134168622,1.9993203846701995,0.0
40.0,0.42256457827224014,2.175775595242483,0.051954941637834415
40.0,0.24146621771095614,1.8658678043083532,0.37242933501619346
40.0,0.3671830149901563,1.996826154111053,0.24706517807731823
40.0,0.515495407856403,1.9819760170394076,0.050062947045365784
40.0,0.4032715470634474,1.9103282899921976,0.13828874959586696
40.0,0.47005763199565337,1.8641235044597486,0.2912802909889193
40.0,0.41754642416818494,1.9775882970304703,0.035629756938750014
40.0,0.5397578451369636,2.012770089169798,0.0
40.0,0.39664549228229007,1.7066600596773156,0.16517141720768977
40.0,0.2889549849279571,2.104938462890897,0.0
40.0,0.47975283177898587,2.184659118120508,0.009765032845826223
40.0,0.5770380812927478,1.7630110569450719,0.13572972806283284
40.0,0.7067086555878619,1.910110757043722,0.12629118443501736
40.0,0.2521096224525022,1.8945988950833763,0.0
40.0,0.5866783007658121,1.7636443873056535,0.1413332379376557
40.0,0.5169723998297612,2.108109702085571,0.11960940493005857
40.0,0.5136989616380556,2.2000176800448266,0.04237625899990691
40.0,0.39935922022670767,2.111017407792732,0.0
40.0,0.4140371911248512,1.8756850186935157,0.1906219600171682
40.0,0.3256797517190464,1.9974480169533952,0.0
40.0,0.4075261587855128,2.130159799945563,0.025187325856416296
40.0,0.42375326784227224,1.8705133985994817,0.07493444885923803
40.0,0.5642225396234937,1.8646349248185585,0.036800062276253424
40.0,0.4598186592924942,1.8367060506898187,0.08232536950666605
40.0,0.4926469629126271,1.9017630291687493,0.047096304541249766
40.0,0.3043055568293888,1.9292436339248629,0.10287596634799322
40.0,0.6072417489034937,1.8435183524858636,0.060159525892538764
40.0,0.6055685964243835,1.9525202672692072,0.0
40.0,0.40079992131563513,2.0459816237331516,0.09036089884475985
40.0,0.31378110092561295,1.9958633736691807,0.013419181572461676
40.0,0.614222248330651,1.7713706922244739,0.13159950044358715
40.0,0.5894143835599674,1.9904952274735677,0.09364285663284344
40.0,0.43123823012924667,1.8889897764042936,0.211195820061603
40.0,0.37807048708490903,2.203816113605104,0.0
40.0,0.4894338763316445,1.952253662351223,0.12138149444772281
40.0,0.31876341863297003,2.0485251764791244,0.0
40.0,0.4371392383998956,2.17741316480945,0.24365750206513215
40.0,0.4072403598225195,2.1006268474529577,0.15256999005081734
40.0,0.6068161881018136,1.9028013253528882,0.045635617205765255
40.0,0.4308662212248876,1.8321278721130547,0.01808605506495052
40.0,0.4514859448602627,1.9574701499717675,0.0969095797590131
40.0,0.319898677252947,1.8661446215745359,0.04292771243914227
40.0,0.5190017268856868,2.1091941037450574,0.14390688723029602
40.0,0.3951224657047001,2.004914869001894,0.216236368450078
40.0,0.34768976335968416,2.014129410882338,0.053495415334158164
40.0,0.2918555060505137,1.986689093448459,0.0
40.0,0.6297764238609065,1.9956138626988964,0.09393322134731771
40.0,0.5079944655608677,2.051977145543586,0.01203466194056995
40.0,0.3628862326742096,1.8947554449125572,0.2082197790911444
40.0,0.2990592304882965,2.1461779218739583,0.026264626575566025
40.0,0.4395869402268876,2.1088804564417374,0.12438785026848356
40.0,0.46114540521050423,1.910052401893757,0.2482584126283716
40.0,0.5920577734279118,1.746380056258776,0.15029929009871107
40.0,0.2862261436570894,2.0367244846530133,0.007504610769930895
40.0,0.44630784631589443,2.034108599927886,0.08391383427559304
40.0,0.5208194496928702,1.991934450320033,0.057154013108042634
40.0,0.5096545168867521,2.092377776718742,0.0
40.0,0.4858392009035107,1.9452981441946424,0.12366019049034871
40.0,0.5203224866074002,2.0761130845148066,0.0
40.0,0.30491301510496244,2.0487322464374365,0.053374374543593624
40.0,0.4430220839602514,1.8955638358803095,0.24366626078238512
40.0,0.5323622815453918,2.0301998402026364,0.1515435270812323
40.0,0.4453493947989832,2.015942799484608,0.05198177621279902
40.0,0.22399433009579245,2.0851191693333035,0.0
40.0,0.3552095935366395,1.9968171984499372,0.11795122424825466
40.0,0.45159811796232546,2.0714458878703423,0.050005653471079686
40.0,0.5572758037988002,1.9662469063738544,0.21861995879056023
40.0,0.6474587667402402,1.9165443896209509,0.16567257873145697
40.0,0.36887685743736015,1.8700314218970266,0.0
40.0,0.29445448675550606,1.9677031041574249,0.04120753434039129
40.0,0.44637552048563034,1.8962277964778702,0.08653114862474687
40.0,0.511042489114743,1.9674937570865794,0.022333649482891564
40.0,0.620188001842035,1.894932276313994,0.14381161933555908
40.0,0.465891207079382,2.0361615330542464,0.034747738759848296
40.0,0.648112362984926,1.6804548396315369,0.10371403783064223
40.0,0.5629602143657816,1.914580737888102,0.01965545683171802
40.0,0.42651790794842287,1.9898636066717956,0.10919692342241615
40.0,0.3252457807450118,2.046033802535321,0.0025604464696331285
40.0,0.4522796674917283,1.9213865243172858,0.08933942298096281
40.0,0.456220920401778,1.7138331326921952,0.1695635594459615
40.0,0.3342309893626563,2.0695874691462226,0.0025014951730377294
40.0,0.44428880468312415,2.136811320395296,0.17233087022313692
40.0,0.36877742568238947,1.924034108067296,0.13637780266766658
40.0,0.45002497715166845,2.245980753788834,0.1129139741439266
40.0,0.4133984630235177,2.0878786260030893,0.14000090923693392
40.0,0.3698274285564856,2.1692447719535846,0.13124920413216323
40.0,0.37506796864113967,2.019095414946533,0.0
40.0,0.26715418340342023,2.1412982631257935,0.055491873474345914
40.0,0.40456130275159374,2.1134820508616365,0.1765803722478526
40.0,0.5674857132606322,1.834958266161854,0.16279397914024407
40.0,0.3847131292319777,1.9052674599633062,0.047748641648776555
40.0,0.48277169572112744,2.349261969606986,0.030979474808082576
40.0,0.41464086300761555,2.3623631251716644,0.0
40.0,0.2658258509605598,2.0463289427762144,0.17923356668246468
40.0,0.45823945678579914,2.0022482848032306,0.07278950692876443
40.0,0.2891763449102063,2.138908197796921,0.1333878661657592
40.0,0.5443659113610549,1.2449873099177209,0.4298303447753583
40.0,0.452926873511793,1.6315496290536653,0.10369705072409835
40.0,0.32920940962550704,1.9010579806663117,0.0
40.0,0.4861798580384735,2.1682056431779806,0.015900255706365118
40.0,0.43446330029850677,2.13760035946271,0.14268897849267648
40.0,0.49371460168318665,1.8072695507303798,0.03009347439434708
40.0,0.20108209332525734,2.1691840087055483,0.0026912622529676328
40.0,0.6037189582505035,2.0062986096639657,0.0
40.0,0.4490967679275911,1.7091923981475075,0.23518478325380804
40.0,0.34203159241715386,1.9067520406751437,0.0
40.0,0.0,0.11893173137473888,1.9086227158588787
40.0,0.4345530346669802,2.030199924611301,0.08017440449377254
40.0,0.46212556153009665,1.9046908111501026,0.0
40.0,0.3306451628058888,2.1032916395617343,0.04483078860665752
40.0,0.43397643120230617,2.0756076513433914,0.15288277624525193
40.0,0.47370763171760283,2.0946911675276825,0.08326013420232362
40.0,0.43446243524056766,1.75753565065767,0.09793719359468717
40.0,0.4840567503526651,1.924102164365565,0.0961631287502947
40.0,0.4734384195496051,2.044632174860782,0.05022014208790901
40.0,0.26123259687077793,2.186547028327411,0.08766698532458389
40.0,0.5617206263570372,1.9602404533726023,0.06458585235319875
40.0,0.6392399559779647,2.039563796921445,0.16592523495720846
40.0,0.5210621265182125,2.0811985552774064,0.15454912061703688
40.0,0.5754926981786462,2.1037615270080665,0.0
40.0,0.5061113746822931,1.8334265175839697,0.04406355045159601
40.0,0.4346098463047613,2.0268769810204375,0.05458872608027796
40.0,0.7195690645194813,2.3240970611746854,0.0
40.0,0.35045593465730157,1.9245965939683154,0.14209384204465608
40.0,0.6531440039270565,1.8405060254326364,0.0
40.0,0.5161477077209262,2.049801771182005,0.0
40.0,0.42342708731608963,2.154054441176095,0.09387239041145039
40.0,0.43476485160172157,2.1441629870082273,0.02474451668882475
40.0,0.2637266221012824,2.0076100947781357,0.024450731698385936
40.0,0.3694777987218303,2.0201632192002923,0.04992143885478979
40.0,0.39306609641411605,2.0649083267700443,0.0099215168893904
40.0,0.4235789879309864,2.1102270637780323,0.0
40.0,0.49188957423528934,1.869772963355853,0.03566564578412033
40.0,0.7160085859922541,2.0667360497289433,0.05595666771866616
40.0,0.5091327598732317,1.791855008886998,0.0
40.0,0.25064645227266485,2.0189076298796484,0.1383909562826845
40.0,0.4761513558156273,1.9708226094766756,0.1009057226598245
40.0,0.43497967230775725,2.0315302205057706,0.016118174460783355
40.0,0.40272822397722646,2.162806485265742,0.08754569231001944
40.0,0.3090820111170165,2.207772951836566,0.23109389508388778
40.0,0.3727989677265956,2.1198527870775843,0.13267905902652732
40.0,0.4991487975293024,1.7896292563830565,0.08297606339767313
40.0,0.5030190373185216,1.9412366155755083,0.12589967026002652
40.0,0.382985607699187,2.073671648460402,0.07772389700442128
40.0,0.12799767276943738,1.7990461970207245,0.26016277302390217
40.0,0.37093487517233337,1.9851164020913723,0.07232526291550445
40.0,0.025170236360061056,0.056775656686139764,1.9537167347256639
40.0,0.41100585544757373,2.0623940596934607,0.026637607141921364
40.0,0.3868906506256242,2.080746326471886,0.0
40.0,0.4396681321699719,2.085612289508914,0.1719629404361365
40.0,0.33162721599740047,2.1495958659172345,0.20505671605260092
40.0,0.43716777332624457,1.9981199111815564,0.2891043733155976
40.0,0.3304657492227714,1.997344361247967,0.0
40.0,0.5031255708301142,1.9399815847702855,0.04527029610355348
40.0,0.41819273017189823,2.1687823284873406,0.010914849225045764
40.0,0.34436364415640913,1.8831341989626051,0.1429544417520992
40.0,0.39069642642268126,2.017297787101452,0.0036398451165005202
40.0,0.4541313012346771,1.8257449389222127,0.09941101331588771
40.0,0.5383330644834219,1.9696065334761201,0.027159656032576925
40.0,0.6125793970308895,1.8620153679192164,0.06644935896572159
40.0,0.26080645230464145,1.9958434031765262,0.2208097424714674
40.0,0.47081957986527745,2.2031864618141026,0.051797125410479636
40.0,0.5382334953461624,1.9008926777624242,0.20888012526121275
40.0,0.4498641768643677,2.1223291644671134,0.0
40.0,0.34219710885434,2.1489474344651978,0.02487796983466548
40.0,0.49692104884789706,2.028761772208388,0.029308048205898357
40.0,0.4496403225340891,1.9780102445473777,0.0
40.0,0.18916269082564435,1.938198213497468,0.15607293496224525
40.0,0.37121701759132675,1.8919679946894339,0.0
40.0,0.213585846816516,2.2421328845593647,0.11273073909882901
40.0,0.4047101500497425,1.952370679758282,0.006887618320520246
40.0,0.4642745630616528,2.0223991879678915,0.045070843273149155
40.0,0.35428523441624604,2.150583754077565,0.0
40.0,0.531107667512185,1.809973339606106,0.3782018736666271
40.0,0.6534866707632374,1.8779733095398763,0.1011600555937178
40.0,0.5046718753964504,1.955450783770277,0.06231918307942353
40.0,0.4610104531325303,2.0544449607118818,0.06744018787192192
40.0,0.6285394577976894,1.6666340984005146,0.3370458194009414
40.0,0.4511568214374921,2.0752856614987953,0.04079055682978572
40.0,0.5539559272990912,1.9725384853995662,0.1115594980874202
40.0,0.3669875659014527,2.120738519519318,0.10016434306987407
40.0,0.6372437469000582,1.9918821714900723,0.19288567913819876
40.0,0.3920290072106913,2.1268387825086714,0.16447981613196735
40.0,0.49537762570839533,2.1035520569686774,0.0
40.0,0.3868586798581742,1.9736692292142877,0.3205286792528429
40.0,0.5086231149746655,2.0332596629040682,0.0
40.0,0.3756411781220114,1.8775056808557409,0.22533077635937793
40.0,0.19033647475734694,1.7873638584549778,0.3101639278429709
40.0,0.669465300247793,1.5048326192621937,0.05816499562740784
40.0,0.47520127011936636,2.118877183576321,0.0922134889375297
40.0,0.28818705553688556,2.1671550449182893,0.0
40.0,0.43244915978380327,1.9534385605265006,0.12550837930081804
40.0,0.37155316796258936,2.1171657195147104,0.0
40.0,0.22817249808166018,2.1399096209787376,0.012820626379709918
40.0,0.5190765247867043,1.8433658096136512,0.12751500066135737
40.0,0.5301097127586192,1.9157226103285725,0.06056262292327091
40.0,0.4803880757081459,1.8487508326061588,0.2722037664792758
40.0,0.3859771693239872,1.9079241662470983,0.08418888635321653
40.0,0.3214475742208974,2.0843220178486073,0.08660864132138439
40.0,0.2461190776668132,1.9964908163100106,0.015187926454564052
40.0,0.33153036564089,2.166123938830922,0.05103930991906113
40.0,0.42886350546902663,2.0540193232412958,0.012813059831946414
40.0,0.5149814683372804,1.9068115081785195,0.18956757176506903
40.0,0.39130252860687265,2.304293738919129,0.12259301240890474
40.0,0.5157922202169882,1.8942125417544342,0.1201208480205721
40.0,0.5706901453107673,1.7249561606754145,0.0
40.0,0.3543957656878708,2.020179128364543,0.23369316556214148
40.0,0.5752222525341562,2.1867096834475936,0.08227873182623648
40.0,0.4653130643565839,1.9315516504994592,0.22209772512738277
40.0,0.3631505871189737,1.7124203269970146,0.43579844285998276
40.0,0.554776775451813,2.1088471852442043,0.10937160080590491
40.0,0.5798960357006165,2.0101785104486485,0.07186587284379026
40.0,0.5969116127154024,2.1076694092380994,0.022234861721534372
40.0,0.4246633798376378,2.043799601022953,0.21762115078438618
40.0,0.49770764269270645,1.837626409211789,0.18499923052477646
40.0,0.3006588265486663,1.818510616813915,0.09137087629460185
40.0,0.49208660182341823,2.0832992881778676,0.09850092127798425
40.0,0.2733784232851121,1.91947017496371,0.052967511440539405
40.0,0.3297807689288814,2.2287974816277427,0.12286764170110206
40.0,0.2668738515709665,2.134847085918374,0.1075604900439127
40.0,0.3614072852962489,2.0804445591151826,0.0013839137924108664
40.0,0.45720361125749215,2.0673259475020127,0.005714369772682332
40.0,0.30804784106655725,1.9596166837564681,0.0
40.0,0.42663242822670516,2.0220419342353355,0.1385433457432755
40.0,0.30266565912669907,2.1170320818769848,0.013823050332295814
40.0,0.37986689164958404,1.7778014222267098,0.19511059176319595
40.0,0.7666930440057766,1.8736052684555875,0.13678290648390007
40.0,0.31878485208723456,2.0387228284339804,0.12891295277656267
40.0,0.5341404852431354,1.9125508858217204,0.11168635418661418
40.0,0.5021688377100203,1.7302398586489038,0.3594441503789181
40.0,0.3683142345107264,2.0584555908077937,3.874153732390093e-05
40.0,0.46930778296638287,1.718493249326029,0.26073609091137934
40.0,0.4428710281929342,1.9885445157627777,0.0932498801556663
40.0,0.2635501543087505,1.881448949634223,0.06275050523502362
40.0,0.3456271027897253,1.8260796952013025,0.30023704904443893
40.0,0.4871219825754323,1.4900812959472123,0.23253249053271358
40.0,0.4153598349446295,1.826139126449899,0.06331600423910398
40.0,0.5336235317644225,1.9572356992510302,0.05385981702019273
40.0,0.44509185676127117,2.174611942055099,0.07363654703584649
40.0,0.4016944333252993,2.0016829727618815,0.04569693810526366
40.0,0.3779518411164772,1.9059873686498467,0.0
40.0,0.6675581893686737,2.0020628653522174,0.0
40.0,0.42768043297849195,1.7798199608145362,0.07572757921414337
40.0,0.3812132768541873,2.0415958477240173,0.3537057119799947
40.0,0.5958291156606959,2.253813768213567,0.006632803295566815
40.0,0.382225827443405,1.8584007556921969,0.17626376335276708
40.0,0.43951092409639014,2.0677858710684647,0.07765713147725944
40.0,0.4406863385917699,2.1022802663071256,0.11186824640347712
40.0,0.1640247664617089,2.356989740203265,0.11920847437245016
40.0,0.3726702999464789,2.0355905794291855,0.007340559297933788
40.0,0.3001708804751638,2.120715053666235,0.021578149997483392
40.0,0.3776589695811486,2.2062432611957967,0.009429577065156458
40.0,0.5439917020392794,1.924019480307448,0.14745463323972616
40.0,0.5685894411974871,1.9024299420621442,0.14078824767905979
40.0,0.21216941225275474,2.2111262167517336,0.00408513396904865
40.0,0.4000702534851043,1.7653682675437308,0.18749393486023883
40.0,0.6538936501907847,1.6618458513991197,0.17765741832548468
40.0,0.6326405514542067,1.9093036693548235,0.14278619397760295
40.0,0.4543640302485927,2.0493533911632094,0.16056377234987185
40.0,0.5771007936501245,1.8941127056041336,0.16414111924250158
40.0,0.46641392981498675,1.8735180554007433,0.1394851524376056
40.0,0.5492587129805429,2.1225578984016806,0.22290460155898195
40.0,0.22989302355414992,2.0235755286290344,0.09879787911972387
40.0,0.27900176638635066,1.8641646668946628,0.03549996256427571
40.0,0.5527030083352048,1.8685657657483095,0.11360748930659481
40.0,0.3179224988738002,2.105166302939519,0.1507287690561571
40.0,0.42255990814669303,1.8844218574393912,0.03892573509635085
40.0,0.28128898529360624,1.986376156417153,0.18988366303128806
40.0,0.40797624161981566,1.9629872953373515,0.013533861294253699
40.0,0.6313343573712035,1.4449864370527115,0.046013596667367596
40.0,0.4176624954780128,2.1814595856266945,0.10135607351325193
40.0,0.5365313526246075,1.8318536902478475,0.2398648442689331
40.0,0.4488535548162253,1.9799183209493834,0.0047591902141527935
40.0,0.48007522837800487,1.9728780084620778,0.07716614215876696
40.0,0.43738807425450144,2.0419762056746995,0.05099569329241432
40.0,0.3450373271080506,1.9919526043270912,0.009480376686548038
40.0,0.5774391179220415,1.8275123939496183,0.15822584464684325
40.0,0.46043900657186204,1.9764805562997925,0.10970109340846843
40.0,0.5756546769265625,2.26823696184987,0.007188668344751037
